tag_id,name,category,count,old_right_tag_cn,new_right_tag_cn
656624,star_(symbol),0,193728,星形,星形(符号)
1364406,genderswap_(mtf),0,32685,女体化,女体化(性转)
382969,bow_(weapon),0,21307,弓,弓(武器)
1569656,arrow_(symbol),0,19159,箭头,箭头(符号)
1602539,vision_(genshin_impact),0,17881,vision_(genshin_impact),神之眼(原神)
1569657,arrow_(projectile),0,17191,箭矢,箭矢(炮弹)
1571375,poke_ball_(basic),0,15372,基础红白精灵球,基础红白精灵球(基础)
496617,marker_(medium),0,11264,用记号笔作的画,用记号笔作的画(媒介)
416486,photo_(object),0,10645,照片,照片(物体)
513428,watercolor_(medium),0,10624,水彩画风,水彩画风(媒介)
1364407,genderswap_(ftm),0,8667,男体化,男体化(性转)
495048,lily_(flower),0,7300,百合花,百合花(花)
1618887,infection_monitor_(arknights),0,7221,infection_monitor_(arknights),感染检测仪(明日方舟)
425624,charm_(object),0,6698,强调角色魅力的,强调角色魅力的(物体)
1587249,oripathy_lesion_(arknights),0,6259,oripathy_lesion_(arknights),矿石病(明日方舟)
461563,poster_(object),0,5739,海报,海报(物体)
513605,colored_pencil_(medium),0,5404,彩色铅笔画,彩色铅笔画(媒介)
581054,keyboard_(computer),0,4801,电脑键盘,电脑键盘(电脑)
567636,painting_(object),0,4682,绘画,绘画(物体)
641554,tomoe_(symbol),0,4151,巴纹,巴纹(符号)
1684874,laevatein_(touhou),0,3820,laevatein_(touhou),莱瓦汀(touhou)
548668,excalibur_(fate/stay_night),0,3507,excalibur_(fate/stay_night),誓约胜利之剑(Fate/stay night)
666648,mitsudomoe_(shape),0,3451,巴纹,巴纹(形状)
1434382,spade_(shape),0,3260,黑桃,黑桃(形状)
1627141,gae_bolg_(fate),0,3164,gae_bolg_(fate),穿刺死棘之枪(Fate)
676653,mouse_(computer),0,3064,鼠标,鼠标(电脑)
1631337,shimakaze_(kancolle)_(cosplay),0,3039,shimakaze_(kancolle)_(cosplay),岛风_舰队Collection(Cosplay)
1449257,gem_uniform_(houseki_no_kuni),0,3034,宝石之国的制服,宝石之国的制服(宝石之国)
534340,calendar_(object),0,2794,图中有日历,图中有日历(物体)
541927,manga_(object),0,2571,图中有漫画,图中有漫画(物体)
701781,calendar_(medium),0,2558,日历,日历(媒介)
480182,keyboard_(instrument),0,2508,键盘乐器,键盘乐器(仪器)
1926062,millennium_cheerleader_outfit_(blue_archive),0,2400,millennium_cheerleader_outfit_(blue_archive),千年啦啦队服装(蔚蓝档案)
1506804,pearl_(gemstone),0,2338,珍珠,珍珠(宝石)
692799,choko_(cup),0,2133,猪口杯,猪口杯(杯子)
622860,spring_(season),0,2028,春季,春季(季节)
388093,hakurei_reimu_(cosplay),0,1689,角色cos灵梦,角色cos灵梦(cosplay)
1549885,crane_(machine),0,1622,起重机,起重机(机械)
646372,asa_no_ha_(pattern),0,1541,麻叶纹,麻叶纹(花纹)
388798,hatsune_miku_(cosplay),0,1539,cos成初音未来,cos成初音未来(cosplay)
513421,acrylic_paint_(medium),0,1528,亚克力画风,亚克力画风(媒介)
570743,kirin_(armor),0,1440,麒麟套,麒麟套(护甲)
1394304,honeycomb_(pattern),0,1434,蜂窝风格图案,蜂窝风格图案(花纹)
527131,canvas_(object),0,1418,画布,画布(物体)
1627136,excalibur_morgan_(fate),0,1299,excalibur_morgan_(fate),誓约胜利之剑·改(Fate)
652288,alphes_(style),0,1283,阿尔卑斯风格,阿尔卑斯风格(风格)
1771225,lord_camelot_(fate),0,1272,lord_camelot_(fate),吾主之城(Fate)
1734694,musou_isshin_(genshin_impact),0,1227,musou_isshin_(genshin_impact),雷电影(原神)
513425,nib_pen_(medium),0,1220,蘸水笔画风,蘸水笔画风(媒介)
1468127,survey_corps_(emblem),0,1168,调查兵团徽章,调查兵团徽章(徽章)
1386020,st._gloriana's_(emblem),0,1095,圣葛罗莉安娜女学园校徽,圣葛罗莉安娜女学园校徽(徽章)
652399,araki_hirohiko_(style),0,978,荒木飞吕彦风,荒木飞吕彦风(风格)
2035712,rhodes_island_logo_(arknights),0,976,rhodes_island_logo_(arknights),罗德岛标志(明日方舟)
1377986,riyo_(lyomsnpmp)_(style),0,879,リヨ画风,リヨ画风(风格)
1468128,training_corps_(emblem),0,849,训练兵团徽章,训练兵团徽章(徽章)
1627128,caliburn_(fate),0,748,caliburn_(fate),石中剑(Fate)
1386018,ooarai_(emblem),0,746,大洗联队徽章,大洗联队徽章(徽章)
1684976,craft_essence_(fate),0,740,craft_essence_(fate),概念礼装(Fate)
513432,ballpoint_pen_(medium),0,732,圆珠笔,圆珠笔(媒介)
1628091,kanshou_&_bakuya_(fate),0,724,kanshou_&_bakuya_(fate),干将·莫邪(Fate)
513429,watercolor_pencil_(medium),0,720,水彩笔作画,水彩笔作画(媒介)
1564862,originium_arts_(arknights),0,715,originium_arts_(arknights),源石技艺(明日方舟)
1686763,saint_quartz_(fate),0,688,saint_quartz_(fate),圣晶石(Fate)
496614,pastel_(medium),0,648,像粉笔蜡笔作画的,像粉笔蜡笔作画的(媒介)
1301082,admiral_(kancolle),4,37303,admiral_(kancolle),提督(舰队Collection)
1478495,artoria_pendragon_(fate),4,35675,artoria_pendragon_(fate),Saber(Fate)
1631074,kaga_(kancolle),4,21127,kaga_(kancolle),加贺(舰队Collection)
1275729,shimakaze_(kancolle),4,17717,shimakaze_(kancolle),岛风(舰队Collection)
1213183,saber_(fate),4,16702,saber_(fate),Saber(Fate)
1602203,ganyu_(genshin_impact),4,16652,ganyu_(genshin_impact),甘雨(原神)
1275718,hibiki_(kancolle),4,16538,hibiki_(kancolle),响(舰队Collection)
1275728,shigure_(kancolle),4,15718,shigure_(kancolle),时雨(舰队Collection)
1350122,kongou_(kancolle),4,13408,kongou_(kancolle),金刚(舰队Collection)
1275720,inazuma_(kancolle),4,12856,inazuma_(kancolle),电(舰队Collection)
1630449,akagi_(kancolle),4,12451,akagi_(kancolle),赤城(舰队Collection)
1473623,tamamo_(fate),4,12070,tamamo_(fate),玉藻前(Fate)
1581467,lumine_(genshin_impact),4,11757,lumine_(genshin_impact),旅行者_荧(原神)
1270870,tenryuu_(kancolle),4,11481,tenryuu_(kancolle),天龙(舰队Collection)
1391753,fujimaru_ritsuka_(male),4,11472,咕哒男,咕哒男(fate)
1631504,yuudachi_(kancolle),4,11386,yuudachi_(kancolle),夕立(舰队Collection)
1391754,fujimaru_ritsuka_(female),4,11288,咕哒子,咕哒子(fate)
1479739,jeanne_d'arc_alter_(fate),4,11062,jeanne_d'arc_alter_(fate),贞德_黑化(Fate)
1631198,sensei_(blue_archive),4,10925,sensei_(blue_archive),老师(蔚蓝档案)
1275715,fubuki_(kancolle),4,10839,fubuki_(kancolle),吹雪(舰队Collection)
1275719,ikazuchi_(kancolle),4,10828,ikazuchi_(kancolle),雷(舰队Collection)
1471064,abigail_williams_(fate),4,10742,abigail_williams_(fate),阿比盖尔·威廉姆斯(Fate)
1635696,hu_tao_(genshin_impact),4,10238,hu_tao_(genshin_impact),胡桃(原神)
1275711,akatsuki_(kancolle),4,10176,akatsuki_(kancolle),晓(舰队Collection)
1631523,zuikaku_(kancolle),4,10116,zuikaku_(kancolle),瑞鹤(舰队Collection)
1630699,hamakaze_(kancolle),4,9722,hamakaze_(kancolle),滨风(舰队Collection)
1335350,haruna_(kancolle),4,9541,haruna_(kancolle),榛名(舰队Collection)
1433170,nero_claudius_(fate),4,9485,nero_claudius_(fate),尼禄·克劳狄乌斯(Fate)
1631219,nagato_(kancolle),4,9482,nagato_(kancolle),长门(舰队Collection)
1351818,kashima_(kancolle),4,9133,kashima_(kancolle),鹿岛(舰队Collection)
1622755,asuna_(blue_archive),4,8632,asuna_(blue_archive),一之濑明日奈(蔚蓝档案)
1380245,suzuya_(kancolle),4,8405,suzuya_(kancolle),铃谷(舰队Collection)
1631280,ryuujou_(kancolle),4,8338,ryuujou_(kancolle),龙骧(舰队Collection)
1452630,scathach_(fate),4,8162,scathach_(fate),斯卡哈(Fate)
1625332,yuuka_(blue_archive),4,8082,yuuka_(blue_archive),早濑优香(蔚蓝档案)
1600114,zhongli_(genshin_impact),4,8034,zhongli_(genshin_impact),钟离(原神)
1639113,shigure_kai_ni_(kancolle),4,7790,shigure_kai_ni_(kancolle),时雨改二(舰队Collection)
1523054,manjuu_(azur_lane),4,7782,manjuu_(azur_lane),茗(碧蓝航线)
1631004,houshou_(kancolle),4,7704,houshou_(kancolle),凤翔(舰队Collection)
1639135,yuudachi_kai_ni_(kancolle),4,7473,yuudachi_kai_ni_(kancolle),夕立改二(舰队Collection)
1408636,jeanne_d'arc_(fate),4,7455,jeanne_d'arc_(fate),贞德(Fate)
1599785,aether_(genshin_impact),4,7433,aether_(genshin_impact),旅行者_空(原神)
1275723,murakumo_(kancolle),4,7112,murakumo_(kancolle),丛云(舰队Collection)
1277794,amatsukaze_(kancolle),4,7087,amatsukaze_(kancolle),天津风(舰队Collection)
1596257,mona_(genshin_impact),4,7062,mona_(genshin_impact),莫娜(原神)
1631456,ushio_(kancolle),4,6944,ushio_(kancolle),潮(舰队Collection)
1765420,jeanne_d'arc_alter_(avenger)_(fate),4,6894,jeanne_d'arc_alter_(avenger)_(fate),贞德_黑化_复仇者(Fate)
1438816,okita_souji_(fate),4,6839,okita_souji_(fate),冲田总司(Fate)
1600563,keqing_(genshin_impact),4,6830,keqing_(genshin_impact),刻晴(原神)
1584981,shiroko_(blue_archive),4,6815,shiroko_(blue_archive),砂狼白子(蔚蓝档案)
1275734,yukikaze_(kancolle),4,6743,yukikaze_(kancolle),雪风(舰队Collection)
1285206,atago_(kancolle),4,6679,atago_(kancolle),爱宕(舰队Collection)
1631488,yamato_(kancolle),4,6620,yamato_(kancolle),大和(舰队Collection)
1631360,shoukaku_(kancolle),4,6563,shoukaku_(kancolle),翔鹤(舰队Collection)
1682530,tamamo_no_mae_(fate/extra),4,6464,tamamo_no_mae_(fate/extra),玉藻前(Fate/EXTRA)
1275712,akebono_(kancolle),4,6398,akebono_(kancolle),曙(舰队Collection)
2040387,doodle_sensei_(blue_archive),4,6324,doodle_sensei_(blue_archive),涂鸦老师(蔚蓝档案)
1526564,doctor_(arknights),4,6177,doctor_(arknights),博士(明日方舟)
1467839,trainer_(umamusume),4,6108,trainer_(umamusume),训练员(赛马娘)
1631124,kitakami_(kancolle),4,6096,kitakami_(kancolle),北上(舰队Collection)
1442931,amiya_(arknights),4,6091,阿米娅（明日方舟）,阿米娅（明日方舟）(明日方舟)
1435530,shuten_douji_(fate),4,6086,shuten_douji_(fate),酒吞童子(Fate)
1649146,gilgamesh_(fate),4,6058,gilgamesh_(fate),吉尔伽美什(Fate)
1605761,hina_(blue_archive),4,6010,hina_(blue_archive),空崎日奈(蔚蓝档案)
1867985,toki_(blue_archive),4,5873,toki_(blue_archive),飞鸟马时(蔚蓝档案)
1631257,ooyodo_(kancolle),4,5854,ooyodo_(kancolle),大淀(舰队Collection)
1448304,astolfo_(fate),4,5808,阿斯托尔福(fate),阿斯托尔福(Fate)
1595272,venti_(genshin_impact),4,5678,venti_(genshin_impact),温迪(原神)
1427460,prinz_eugen_(kancolle),4,5662,prinz_eugen_(kancolle),欧根亲王(舰队Collection)
1478494,cu_chulainn_(fate),4,5626,cu_chulainn_(fate),库·丘林(Fate)
1630515,asashio_(kancolle),4,5561,asashio_(kancolle),朝潮(舰队Collection)
1361469,mutsu_(kancolle),4,5538,mutsu_(kancolle),陆奥(舰队Collection)
1572405,klee_(genshin_impact),4,5486,klee_(genshin_impact),可莉(原神)
1442946,texas_(arknights),4,5469,德克萨斯（明日方舟）,德克萨斯（明日方舟）(明日方舟)
1630648,female_admiral_(kancolle),4,5463,female_admiral_(kancolle),女提督(舰队Collection)
1448306,mordred_(fate),4,5452,mordred_(fate),莫德雷德(Fate)
1631410,tatsuta_(kancolle),4,5434,tatsuta_(kancolle),龙田(舰队Collection)
1464562,minamoto_no_raikou_(fate),4,5372,minamoto_no_raikou_(fate),源赖光(Fate)
1645004,rice_shower_(umamusume),4,5249,rice_shower_(umamusume),米浴(赛马娘)
1328650,junko_(touhou),4,5237,junko_(touhou),纯狐(touhou)
1610604,tartaglia_(genshin_impact),4,5184,tartaglia_(genshin_impact),达达利亚(原神)
1631313,sendai_(kancolle),4,5148,sendai_(kancolle),川内(舰队Collection)
1646740,archer_(fate),4,5140,archer_(fate),弓兵(Fate)
1631252,ooi_(kancolle),4,5131,ooi_(kancolle),大井(舰队Collection)
1564340,paimon_(genshin_impact),4,5111,paimon_(genshin_impact),派蒙(原神)
1630531,bismarck_(kancolle),4,5108,bismarck_(kancolle),俾斯麦(舰队Collection)
1680295,mika_(blue_archive),4,5105,mika_(blue_archive),圣园未花(蔚蓝档案)
1293664,musashi_(kancolle),4,5102,musashi_(kancolle),武藏(舰队Collection)
727352,anchovy_(girls_und_panzer),4,5084,安丘比（少女与战车）,安丘比(少女与战车)
1641843,eula_(genshin_impact),4,5081,eula_(genshin_impact),优菈(原神)
1646765,mejiro_mcqueen_(umamusume),4,5064,mejiro_mcqueen_(umamusume),目白麦昆(赛马娘)
1350123,akashi_(kancolle),4,5046,akashi_(kancolle),明石(舰队Collection)
1507496,takao_(kancolle),4,5015,takao_(kancolle),高雄(舰队Collection)
698982,asuna_(sao),4,4984,结城明日奈,结城明日奈(刀剑神域)
1862749,aris_(blue_archive),4,4939,aris_(blue_archive),天童爱丽丝爱丽丝(蔚蓝档案)
1821363,nahida_(genshin_impact),4,4924,nahida_(genshin_impact),纳西妲(原神)
1646762,daiwa_scarlet_(umamusume),4,4923,daiwa_scarlet_(umamusume),大和赤骥(赛马娘)
1964798,furina_(genshin_impact),4,4919,furina_(genshin_impact),芙宁娜(原神)
1275730,shiranui_(kancolle),4,4911,shiranui_(kancolle),不知火(舰队Collection)
1478256,medusa_(fate),4,4876,medusa_(fate),美杜莎(Fate)
1717604,shenhe_(genshin_impact),4,4835,shenhe_(genshin_impact),申鹤(原神)
1631305,sazanami_(kancolle),4,4831,sazanami_(kancolle),涟(舰队Collection)
1631308,souryuu_(kancolle),4,4827,souryuu_(kancolle),苍龙(舰队Collection)
1622591,koharu_(blue_archive),4,4810,koharu_(blue_archive),下江小春(蔚蓝档案)
1658781,scaramouche_(genshin_impact),4,4798,scaramouche_(genshin_impact),散兵_斯卡拉姆齐(原神)
1682533,nero_claudius_(fate/extra),4,4787,nero_claudius_(fate/extra),尼禄·克劳狄乌斯(Fate/EXTRA)
1526509,skadi_(arknights),4,4783,斯卡蒂（明日方舟）,斯卡蒂（明日方舟）(明日方舟)
1339317,d.va_(overwatch),4,4767,D.Va（守望先锋）,D.Va(守望先锋)
1492223,taihou_(azur_lane),4,4758,taihou_(azur_lane),大凤(碧蓝航线)
1275727,samidare_(kancolle),4,4749,samidare_(kancolle),五月雨(舰队Collection)
1799500,asuna_(bunny)_(blue_archive),4,4698,asuna_(bunny)_(blue_archive),一之濑明日奈_兔女郎(蔚蓝档案)
1631484,yamashiro_(kancolle),4,4695,yamashiro_(kancolle),山城(舰队Collection)
1081167,mordred_(fate/apocrypha),4,4628,mordred_(fate/apocrypha),莫德雷德(Fate/Apocrypha)
1630992,hiei_(kancolle),4,4601,hiei_(kancolle),比睿(舰队Collection)
1421198,bb_(fate),4,4590,bb_(fate),BB(Fate)
1584986,hoshino_(blue_archive),4,4574,hoshino_(blue_archive),小鸟游星野(蔚蓝档案)
1631272,ro-500_(kancolle),4,4565,ro-500_(kancolle),Ro-500(舰队Collection)
1631098,kasumi_(kancolle),4,4533,kasumi_(kancolle),霞(舰队Collection)
1623068,karin_(blue_archive),4,4512,karin_(blue_archive),角楯花凛(蔚蓝档案)
1822797,boo_tao_(genshin_impact),4,4485,boo_tao_(genshin_impact),胡桃_宿雪桃红(原神)
1631042,iowa_(kancolle),4,4482,iowa_(kancolle),衣阿华(舰队Collection)
1342225,verniy_(kancolle),4,4458,verniy_(kancolle),韦尔尼(舰队Collection)
1333552,kirishima_(kancolle),4,4444,kirishima_(kancolle),雾岛(舰队Collection)
1933188,houshou_marine_(1st_costume),4,4410,houshou_marine_(1st_costume),宝钟玛琳(公式服)
1646764,gold_ship_(umamusume),4,4394,gold_ship_(umamusume),黄金船(赛马娘)
1561709,bremerton_(azur_lane),4,4381,bremerton_(azur_lane),布雷默顿(碧蓝航线)
1350743,aqua_(konosuba),4,4288,阿库娅,阿库娅(为美好的世界献上祝福！)
1598280,xiao_(genshin_impact),4,4249,xiao_(genshin_impact),魈(原神)
1644978,agnes_tachyon_(umamusume),4,4239,agnes_tachyon_(umamusume),爱丽速子(赛马娘)
1440089,prinz_eugen_(azur_lane),4,4210,prinz_eugen_(azur_lane),欧根亲王(碧蓝航线)
1769318,jeanne_d'arc_(ruler)_(fate),4,4191,jeanne_d'arc_(ruler)_(fate),贞德_统治者(Fate)
1631502,yuubari_(kancolle),4,4181,yuubari_(kancolle),夕张(舰队Collection)
1646761,tokai_teio_(umamusume),4,4163,tokai_teio_(umamusume),东海帝王(赛马娘)
1629450,meltryllis_(fate),4,4162,meltryllis_(fate),溶解莉莉丝(Fate)
1536480,formidable_(azur_lane),4,4129,formidable_(azur_lane),可畏(碧蓝航线)
1631121,kiso_(kancolle),4,4089,kiso_(kancolle),木曾(舰队Collection)
1630996,hiryuu_(kancolle),4,4047,hiryuu_(kancolle),飞龙(舰队Collection)
1627707,miyamoto_musashi_(fate),4,3988,miyamoto_musashi_(fate),宫本武藏(Fate)
1933162,gawr_gura_(1st_costume),4,3915,gawr_gura_(1st_costume),噶呜·古拉(公式服)
1630687,graf_zeppelin_(kancolle),4,3910,graf_zeppelin_(kancolle),齐柏林伯爵(舰队Collection)
1649150,medusa_(rider)_(fate),4,3872,medusa_(rider)_(fate),美杜莎(Fate)
1452466,ereshkigal_(fate),4,3850,ereshkigal_(fate),艾蕾什基伽勒(Fate)
1627592,ishtar_(fate),4,3781,ishtar_(fate),伊什塔尔(Fate)
1440003,belfast_(azur_lane),4,3736,贝尔法斯特（碧蓝航线）,贝尔法斯特(碧蓝航线)
1509133,sirius_(azur_lane),4,3733,sirius_(azur_lane),天狼星(碧蓝航线)
1524374,lappland_(arknights),4,3725,lappland_(arknights),拉普兰德(明日方舟)
496900,black_rock_shooter_(character),4,3658,黑岩射手,黑岩射手(黑岩射手)
1631228,naka_(kancolle),4,3658,naka_(kancolle),那珂(舰队Collection)
1929196,toki_(bunny)_(blue_archive),4,3609,toki_(bunny)_(blue_archive),飞鸟马时_兔女郎(蔚蓝档案)
1811190,nilou_(genshin_impact),4,3606,nilou_(genshin_impact),妮露(原神)
1933177,usada_pekora_(1st_costume),4,3596,usada_pekora_(1st_costume),兔田佩克拉(公式服)
1631521,zuihou_(kancolle),4,3567,zuihou_(kancolle),瑞凤(舰队Collection)
1649152,cu_chulainn_(fate/stay_night),4,3560,cu_chulainn_(fate/stay_night),库·丘林(Fate/stay night)
1500444,commander_(azur_lane),4,3546,指挥官（碧蓝航线）,指挥官(碧蓝航线)
1757377,yelan_(genshin_impact),4,3534,yelan_(genshin_impact),夜兰(原神)
1630645,fairy_(kancolle),4,3511,fairy_(kancolle),妖精(舰队Collection)
1275725,naganami_(kancolle),4,3490,naganami_(kancolle),长波(舰队Collection)
1582962,fischl_(genshin_impact),4,3486,fischl_(genshin_impact),菲谢尔(原神)
1584990,arona_(blue_archive),4,3485,arona_(blue_archive),阿洛娜(蔚蓝档案)
1378250,i-19_(kancolle),4,3463,i-19_(kancolle),伊号19潜水舰(舰队Collection)
1660592,hanako_(blue_archive),4,3418,hanako_(blue_archive),浦和花子(蔚蓝档案)
1893407,kisaki_(blue_archive),4,3414,kisaki_(blue_archive),龙华妃咲(蔚蓝档案)
1646759,silence_suzuka_(umamusume),4,3402,silence_suzuka_(umamusume),无声铃鹿(赛马娘)
1440013,unicorn_(azur_lane),4,3378,unicorn_(azur_lane),独角兽(碧蓝航线)
1643885,mari_(blue_archive),4,3373,mari_(blue_archive),伊落玛丽(蔚蓝档案)
1275724,murasame_(kancolle),4,3372,murasame_(kancolle),村雨(舰队Collection)
1533759,barbara_(genshin_impact),4,3364,barbara_(genshin_impact),芭芭拉(原神)
1631482,yamakaze_(kancolle),4,3307,yamakaze_(kancolle),山风(舰队Collection)
1580066,suzuran_(arknights),4,3307,suzuran_(arknights),铃兰(明日方舟)
1507493,maya_(kancolle),4,3273,maya_(kancolle),摩耶(舰队Collection)
1599614,jean_(genshin_impact),4,3261,jean_(genshin_impact),琴(原神)
1644992,manhattan_cafe_(umamusume),4,3260,manhattan_cafe_(umamusume),曼哈顿咖啡(赛马娘)
1799218,trailblazer_(honkai:_star_rail),4,3258,trailblazer_(honkai:_star_rail),流萤(崩坏：星穹铁道)
1631984,ako_(blue_archive),4,3242,ako_(blue_archive),天雨亚子(蔚蓝档案)
1447551,florence_nightingale_(fate),4,3239,florence_nightingale_(fate),南丁格尔(Fate)
1631030,i-58_(kancolle),4,3236,i-58_(kancolle),伊号58潜水舰(舰队Collection)
1442947,ch'en_(arknights),4,3225,ch'en_(arknights),陈(明日方舟)
724152,anastasia_(idolmaster),4,3206,安娜斯塔西娅（偶像大师）,安娜斯塔西娅(偶像大师)
1865359,rio_(blue_archive),4,3204,rio_(blue_archive),调月莉音(蔚蓝档案)
1627605,kama_(fate),4,3160,kama_(fate),迦摩(Fate)
722007,katyusha_(girls_und_panzer),4,3152,喀秋莎（少女与战车）,喀秋莎(少女与战车)
649693,jack_the_ripper_(fate/apocrypha),4,3149,jack_the_ripper_(fate/apocrypha),开膛手杰克(Fate/Apocrypha)
1442945,exusiai_(arknights),4,3129,exusiai_(arknights),能天使(明日方舟)
1645002,nice_nature_(umamusume),4,3108,nice_nature_(umamusume),好歌剧(赛马娘)
1478507,iskandar_(fate),4,3097,iskandar_(fate),伊斯坎达尔(Fate)
1275713,akigumo_(kancolle),4,3088,akigumo_(kancolle),秋云(舰队Collection)
1441167,ayanami_(azur_lane),4,3086,绫波（碧蓝航线）,绫波(碧蓝航线)
1792624,kafka_(honkai:_star_rail),4,3072,kafka_(honkai:_star_rail),卡夫卡(崩坏：星穹铁道)
1599722,aru_(blue_archive),4,3072,aru_(blue_archive),陆八魔爱露(蔚蓝档案)
1631514,z1_leberecht_maass_(kancolle),4,3027,z1_leberecht_maass_(kancolle),Z1莱伯雷希特·马斯(舰队Collection)
1566117,kal'tsit_(arknights),4,3021,kal'tsit_(arknights),凯尔希(明日方舟)
1628204,momoi_(blue_archive),4,3009,momoi_(blue_archive),才羽桃井(蔚蓝档案)
1631389,taihou_(kancolle),4,2992,taihou_(kancolle),大凤(舰队Collection)
1768637,miyu_(blue_archive),4,2992,miyu_(blue_archive),霞泽美游(蔚蓝档案)
1919321,plana_(blue_archive),4,2977,plana_(blue_archive),普拉娜(蔚蓝档案)
1595577,surtr_(arknights),4,2964,surtr_(arknights),史尔特尔(明日方舟)
1631516,z3_max_schultz_(kancolle),4,2957,z3_max_schultz_(kancolle),Z3马克斯·舒尔茨(舰队Collection)
1630673,fusou_(kancolle),4,2946,fusou_(kancolle),扶桑(舰队Collection)
1631134,kuma_(kancolle),4,2943,kuma_(kancolle),球磨(舰队Collection)
1631474,warspite_(kancolle),4,2939,warspite_(kancolle),厌战(舰队Collection)
1622307,hasumi_(blue_archive),4,2930,hasumi_(blue_archive),羽川莲见(蔚蓝档案)
1435236,oda_nobunaga_(fate),4,2927,oda_nobunaga_(fate),织田信长(Fate)
1630489,aoba_(kancolle),4,2915,aoba_(kancolle),青叶(舰队Collection)
1275726,oboro_(kancolle),4,2901,oboro_(kancolle),胧(舰队Collection)
1431828,elizabeth_bathory_(fate),4,2899,elizabeth_bathory_(fate),伊丽莎白·巴托里(Fate)
1629409,artoria_pendragon_(lancer)_(fate),4,2898,artoria_pendragon_(lancer)_(fate),Saber_枪骑兵(Fate)
1631023,i-401_(kancolle),4,2878,i-401_(kancolle),伊号401潜水舰(舰队Collection)
1682833,satono_diamond_(umamusume),4,2877,satono_diamond_(umamusume),里见光钻(赛马娘)
1380244,kumano_(kancolle),4,2876,kumano_(kancolle),熊野(舰队Collection)
1933159,shirakami_fubuki_(1st_costume),4,2868,shirakami_fubuki_(1st_costume),白上吹雪(公式服)
1440018,illustrious_(azur_lane),4,2837,illustrious_(azur_lane),光辉(碧蓝航线)
1435235,nitocris_(fate),4,2836,nitocris_(fate),尼托克里斯(Fate)
1429424,tokitsukaze_(kancolle),4,2821,tokitsukaze_(kancolle),时津风(舰队Collection)
1602944,mudrock_(arknights),4,2811,mudrock_(arknights),泥岩(明日方舟)
1631239,non-human_admiral_(kancolle),4,2804,non-human_admiral_(kancolle),非人提督(舰队Collection)
1631303,satsuki_(kancolle),4,2791,satsuki_(kancolle),皐月(舰队Collection)
1627620,kiyohime_(fate),4,2781,kiyohime_(fate),清姬(Fate)
1664919,yoimiya_(genshin_impact),4,2771,yoimiya_(genshin_impact),宵宫(原神)
1631194,mogami_(kancolle),4,2770,mogami_(kancolle),最上(舰队Collection)
1275732,uzuki_(kancolle),4,2769,uzuki_(kancolle),卯月(舰队Collection)
1361608,boko_(girls_und_panzer),4,2763,博科熊（少女与战车）,博科熊(少女与战车)
1631010,hyuuga_(kancolle),4,2760,hyuuga_(kancolle),日向(舰队Collection)
1630519,ashigara_(kancolle),4,2755,ashigara_(kancolle),足柄(舰队Collection)
1533761,amber_(genshin_impact),4,2748,amber_(genshin_impact),安柏(原神)
1682831,kitasan_black_(umamusume),4,2721,kitasan_black_(umamusume),北部玄驹(赛马娘)
1465315,tomoe_gozen_(fate),4,2717,tomoe_gozen_(fate),巴御前(Fate)
1631081,kagerou_(kancolle),4,2714,kagerou_(kancolle),阳炎(舰队Collection)
1845992,noa_(blue_archive),4,2713,noa_(blue_archive),生盐诺亚(蔚蓝档案)
1631452,urakaze_(kancolle),4,2704,urakaze_(kancolle),浦风(舰队Collection)
1628203,midori_(blue_archive),4,2700,midori_(blue_archive),才羽绿(蔚蓝档案)
1275731,shiratsuyu_(kancolle),4,2695,shiratsuyu_(kancolle),白露(舰队Collection)
1631126,kiyoshimo_(kancolle),4,2695,kiyoshimo_(kancolle),清霜(舰队Collection)
1682871,kazusa_(blue_archive),4,2684,kazusa_(blue_archive),杏山和纱(蔚蓝档案)
1631066,jintsuu_(kancolle),4,2669,jintsuu_(kancolle),神通(舰队Collection)
1385142,isokaze_(kancolle),4,2629,isokaze_(kancolle),矶风(舰队Collection)
1602206,qiqi_(genshin_impact),4,2624,qiqi_(genshin_impact),七七(原神)
1631447,unryuu_(kancolle),4,2619,unryuu_(kancolle),云龙(舰队Collection)
1630524,atlanta_(kancolle),4,2607,atlanta_(kancolle),亚特兰大(舰队Collection)
1540881,w_(arknights),4,2604,w_(arknights),W(明日方舟)
1275717,hatsuyuki_(kancolle),4,2600,hatsuyuki_(kancolle),初雪(舰队Collection)
1596241,diluc_(genshin_impact),4,2596,diluc_(genshin_impact),迪卢克(原神)
1799501,karin_(bunny)_(blue_archive),4,2589,karin_(bunny)_(blue_archive),角楯花凛_兔女郎(蔚蓝档案)
1646757,special_week_(umamusume),4,2559,special_week_(umamusume),特别周(赛马娘)
1631385,taigei_(kancolle),4,2539,taigei_(kancolle),大鲸(舰队Collection)
1631174,michishio_(kancolle),4,2533,michishio_(kancolle),满潮(舰队Collection)
1631299,saratoga_(kancolle),4,2518,saratoga_(kancolle),萨拉托加(舰队Collection)
1630472,akitsu_maru_(kancolle),4,2514,akitsu_maru_(kancolle),秋津丸(舰队Collection)
1806092,shiroko_(swimsuit)_(blue_archive),4,2512,shiroko_(swimsuit)_(blue_archive),砂狼白子_泳装(蔚蓝档案)
1596439,mutsuki_(blue_archive),4,2508,mutsuki_(blue_archive),浅黄睦月(蔚蓝档案)
1467675,symboli_rudolf_(umamusume),4,2493,symboli_rudolf_(umamusume),皇帝(赛马娘)
1440130,laffey_(azur_lane),4,2477,拉菲（碧蓝航线）,拉菲(碧蓝航线)
1630723,hatsuzuki_(kancolle),4,2465,hatsuzuki_(kancolle),初月(舰队Collection)
1702683,diarmuid_ua_duibhne_(lancer)_(fate),4,2458,diarmuid_ua_duibhne_(lancer)_(fate),迪尔姆德·奥迪那_枪骑兵(Fate)
1631478,yahagi_(kancolle),4,2454,yahagi_(kancolle),矢矧(舰队Collection)
1627610,katsushika_hokusai_(fate),4,2448,katsushika_hokusai_(fate),葛饰北斋(Fate)
1630708,harusame_(kancolle),4,2440,harusame_(kancolle),春雨(舰队Collection)
1432467,morgan_le_fay_(fate),4,2432,morgan_le_fay_(fate),摩根·勒菲(Fate)
1440202,enterprise_(azur_lane),4,2425,企业（碧蓝航线）,企业(碧蓝航线)
1598223,kayoko_(blue_archive),4,2416,kayoko_(blue_archive),鬼方佳代子(蔚蓝档案)
1440020,takao_(azur_lane),4,2415,takao_(azur_lane),高雄(碧蓝航线)
1701171,march_7th_(honkai:_star_rail),4,2412,march_7th_(honkai:_star_rail),三月七(崩坏：星穹铁道)
1279297,yura_(kancolle),4,2404,yura_(kancolle),由良(舰队Collection)
1758613,ui_(blue_archive),4,2399,ui_(blue_archive),古关忧(蔚蓝档案)
1933166,ninomae_ina'nis_(1st_costume),4,2365,ninomae_ina'nis_(1st_costume),一伊那尔栖(公式服)
1933165,watson_amelia_(1st_costume),4,2364,watson_amelia_(1st_costume),华生·阿米莉亚(公式服)
1932888,yuuka_(track)_(blue_archive),4,2353,yuuka_(track)_(blue_archive),早濑优香_运动服(蔚蓝档案)
1620953,hifumi_(blue_archive),4,2349,hifumi_(blue_archive),阿慈谷日富美(蔚蓝档案)
1447375,tamamo_cat_(fate),4,2336,tamamo_cat_(fate),玉藻猫(Fate)
1630695,haguro_(kancolle),4,2329,haguro_(kancolle),羽黑(舰队Collection)
1544632,mostima_(arknights),4,2324,mostima_(arknights),莫斯提马(明日方舟)
1631206,mutsuki_(kancolle),4,2321,mutsuki_(kancolle),睦月(舰队Collection)
1483850,napoleon_bonaparte_(fate),4,2290,napoleon_bonaparte_(fate),拿破仑·波拿巴(Fate)
1631440,u-511_(kancolle),4,2286,u-511_(kancolle),U-511(舰队Collection)
1624414,neru_(blue_archive),4,2274,neru_(blue_archive),美甘妮露(蔚蓝档案)
1630477,akizuki_(kancolle),4,2251,akizuki_(kancolle),秋月(舰队Collection)
1765430,jeanne_d'arc_alter_(swimsuit_berserker)_(fate),4,2239,jeanne_d'arc_alter_(swimsuit_berserker)_(fate),贞德_黑化_泳装(Fate)
1931043,stelle_(honkai:_star_rail),4,2234,stelle_(honkai:_star_rail),开拓者_星(崩坏：星穹铁道)
1631032,i-8_(kancolle),4,2223,i-8_(kancolle),伊号8潜水舰(舰队Collection)
1440070,kaga_(azur_lane),4,2222,kaga_(azur_lane),加贺(碧蓝航线)
1630210,abukuma_(kancolle),4,2217,abukuma_(kancolle),阿武隈(舰队Collection)
1631433,tone_(kancolle),4,2214,tone_(kancolle),利根(舰队Collection)
1631333,shikinami_(kancolle),4,2202,shikinami_(kancolle),敷波(舰队Collection)
1860581,wanderer_(genshin_impact),4,2194,wanderer_(genshin_impact),散兵_流浪者(原神)
1623528,dodoco_(genshin_impact),4,2186,dodoco_(genshin_impact),嘟嘟可(原神)
1933160,inugami_korone_(1st_costume),4,2185,inugami_korone_(1st_costume),戌神沁音(公式服)
1933144,sakamata_chloe_(1st_costume),4,2178,sakamata_chloe_(1st_costume),沙花叉库洛伊(公式服)
853361,bb_(fate/extra),4,2174,bb_(fate/extra),BB(Fate/EXTRA)
1786496,artoria_caster_(fate),4,2173,artoria_caster_(fate),阿尔托莉雅·Caster(Fate)
1631090,kamikaze_(kancolle),4,2170,kamikaze_(kancolle),神风(舰队Collection)
1467925,vodka_(umamusume),4,2170,vodka_(umamusume),伏特加(赛马娘)
1631116,kisaragi_(kancolle),4,2168,kisaragi_(kancolle),如月(舰队Collection)
1467838,oguri_cap_(umamusume),4,2168,oguri_cap_(umamusume),小栗帽(赛马娘)
1602199,ningguang_(genshin_impact),4,2166,ningguang_(genshin_impact),凝光(原神)
1677019,baobhan_sith_(fate),4,2149,baobhan_sith_(fate),芭班·希(Fate)
1631265,pola_(kancolle),4,2125,pola_(kancolle),波拉(舰队Collection)
1631188,miyuki_(kancolle),4,2123,miyuki_(kancolle),深雪(舰队Collection)
1488442,bb_(swimsuit_mooncancer)_(fate),4,2122,泳装BB,BB_泳装(fate)
1467626,anastasia_(fate),4,2115,anastasia_(fate),阿纳斯塔西娅(Fate)
1682888,saori_(blue_archive),4,2114,saori_(blue_archive),锭前纱织(蔚蓝档案)
1630675,gambier_bay_(kancolle),4,2103,gambier_bay_(kancolle),甘比尔湾(舰队Collection)
1627569,fou_(fate),4,2092,fou_(fate),芙芙(Fate)
1431862,nero_claudius_(swimsuit_caster)_(fate),4,2078,nero_claudius_(swimsuit_caster)_(fate),尼禄·克劳狄乌斯_泳装(Fate)
1646767,twin_turbo_(umamusume),4,2077,twin_turbo_(umamusume),双涡轮(赛马娘)
1387121,tamamo_no_mae_(swimsuit_lancer)_(fate),4,2071,玉藻前（泳装）,玉藻前_泳装(fate)
1631046,ise_(kancolle),4,2060,ise_(kancolle),伊势(舰队Collection)
1584985,nonomi_(blue_archive),4,2052,nonomi_(blue_archive),十六夜野宫(蔚蓝档案)
502807,shinki_(touhou),4,2048,shinki_(touhou),神绮(touhou)
1610754,yu_mei-ren_(fate),4,2041,yu_mei-ren_(fate),虞美人(Fate)
1472743,ibaraki_douji_(fate),4,2038,ibaraki_douji_(fate),茨木童子(Fate)
1644998,mihono_bourbon_(umamusume),4,2036,mihono_bourbon_(umamusume),美浦波旁(赛马娘)
1631071,jun'you_(kancolle),4,2031,jun'you_(kancolle),隼鹰(舰队Collection)
1933143,la+_darknesss_(1st_costume),4,2025,la+_darknesss_(1st_costume),拉普拉斯·暗黑(公式服)
1452668,hassan_of_serenity_(fate),4,2024,hassan_of_serenity_(fate),静谧的哈桑(Fate)
1747952,miyako_(blue_archive),4,2018,miyako_(blue_archive),月雪宫子(蔚蓝档案)
1633650,yuzu_(blue_archive),4,2015,yuzu_(blue_archive),花冈柚子(蔚蓝档案)
1275722,makigumo_(kancolle),4,2010,makigumo_(kancolle),卷云(舰队Collection)
1631510,yuugumo_(kancolle),4,2009,yuugumo_(kancolle),夕云(舰队Collection)
1631016,i-168_(kancolle),4,2008,i-168_(kancolle),伊号168潜水舰(舰队Collection)
1630677,gangut_(kancolle),4,1998,gangut_(kancolle),甘古特(舰队Collection)
1551569,nian_(arknights),4,1994,nian_(arknights),年(明日方舟)
1317049,seiran_(touhou),4,1992,seiran_(touhou),清兰(touhou)
1524986,specter_(arknights),4,1988,specter_(arknights),幽灵鲨(明日方舟)
1625330,hibiki_(blue_archive),4,1977,hibiki_(blue_archive),猫冢响(蔚蓝档案)
1644994,mayano_top_gun_(umamusume),4,1959,mayano_top_gun_(umamusume),真野顶炮(赛马娘)
1631211,nachi_(kancolle),4,1954,nachi_(kancolle),那智(舰队Collection)
1534498,meltryllis_(swimsuit_lancer)_(fate),4,1954,meltryllis_(swimsuit_lancer)_(fate),溶解莉莉丝_泳装(Fate)
1605760,iori_(blue_archive),4,1948,iori_(blue_archive),银镜伊织(蔚蓝档案)
1630685,gotland_(kancolle),4,1944,gotland_(kancolle),哥特兰(舰队Collection)
1629430,mysterious_heroine_xx_(fate),4,1943,mysterious_heroine_xx_(fate),谜之女主角XX(Fate)
1634345,izuna_(blue_archive),4,1937,izuna_(blue_archive),久田泉奈(蔚蓝档案)
1613891,albedo_(genshin_impact),4,1936,albedo_(genshin_impact),阿贝多(原神)
1596245,kaeya_(genshin_impact),4,1929,kaeya_(genshin_impact),凯亚(原神)
1838442,alhaitham_(genshin_impact),4,1919,alhaitham_(genshin_impact),艾尔海森(原神)
568921,aegis_(persona),4,1905,艾吉斯（女神异闻录）,艾吉斯(女神异闻录)
1630542,choukai_(kancolle),4,1902,choukai_(kancolle),鸟海(舰队Collection)
1522661,angelina_(arknights),4,1902,angelina_(arknights),安洁莉娜(明日方舟)
1631112,kinugasa_(kancolle),4,1888,kinugasa_(kancolle),衣笠(舰队Collection)
596343,mima_(touhou),4,1883,mima_(touhou),魅魔(touhou)
1631376,suzutsuki_(kancolle),4,1881,suzutsuki_(kancolle),凉月(舰队Collection)
1631244,noshiro_(kancolle),4,1880,noshiro_(kancolle),能代(舰队Collection)
1629361,ushiwakamaru_(fate),4,1878,ushiwakamaru_(fate),牛若丸(Fate)
1693513,elizabeth_bathory_(fate/extra_ccc),4,1876,elizabeth_bathory_(fate/extra_ccc),伊丽莎白·巴托里(Fate/EXTRA CCC)
1971293,hanako_(swimsuit)_(blue_archive),4,1874,hanako_(swimsuit)_(blue_archive),浦和花子_泳装(蔚蓝档案)
1440145,javelin_(azur_lane),4,1873,javelin_(azur_lane),标枪(碧蓝航线)
1933175,nekomata_okayu_(1st_costume),4,1872,nekomata_okayu_(1st_costume),猫又小粥(公式服)
1577501,lisa_(genshin_impact),4,1872,lisa_(genshin_impact),丽莎(原神)
1593680,ashiya_douman_(fate),4,1869,ashiya_douman_(fate),芦屋道满(Fate)
1618002,slime_(genshin_impact),4,1866,slime_(genshin_impact),史莱姆(原神)
1631163,maru-yu_(kancolle),4,1864,maru-yu_(kancolle),丸优(舰队Collection)
1654650,skadi_the_corrupting_heart_(arknights),4,1864,skadi_the_corrupting_heart_(arknights),浊心斯卡蒂(明日方舟)
1631425,teruzuki_(kancolle),4,1863,teruzuki_(kancolle),照月(舰队Collection)
1933211,nanashi_mumei_(1st_costume),4,1861,nanashi_mumei_(1st_costume),七诗无名(公式服)
1631225,nagatsuki_(kancolle),4,1860,nagatsuki_(kancolle),长月(舰队Collection)
1629420,jeanne_d'arc_alter_santa_lily_(fate),4,1852,jeanne_d'arc_alter_santa_lily_(fate),贞德_黑化_Santa Lily(Fate)
1446811,st._louis_(azur_lane),4,1828,st._louis_(azur_lane),圣路易斯(碧蓝航线)
1631102,katsuragi_(kancolle),4,1815,katsuragi_(kancolle),葛城(舰队Collection)
1441509,andou_(girls_und_panzer),4,1803,安藤（少女与战车）,安藤(少女与战车)
1524993,saria_(arknights),4,1799,saria_(arknights),塞雷娅(明日方舟)
1447957,nero_claudius_(bride)_(fate),4,1796,nero_claudius_(bride)_(fate),尼禄·克劳狄乌斯_婚纱(Fate)
1275721,kuroshio_(kancolle),4,1790,kuroshio_(kancolle),黑潮(舰队Collection)
1735921,asashio_kai_ni_(kancolle),4,1783,asashio_kai_ni_(kancolle),朝潮改二(舰队Collection)
1643688,azusa_(blue_archive),4,1781,azusa_(blue_archive),白洲梓(蔚蓝档案)
1631495,yayoi_(kancolle),4,1778,yayoi_(kancolle),弥生(舰队Collection)
1631402,tama_(kancolle),4,1776,tama_(kancolle),多摩(舰队Collection)
1626315,dusk_(arknights),4,1768,dusk_(arknights),夕(明日方舟)
1631373,suzukaze_(kancolle),4,1766,suzukaze_(kancolle),凉风(舰队Collection)
1631357,shirayuki_(kancolle),4,1761,shirayuki_(kancolle),白雪(舰队Collection)
1501023,artoria_pendragon_(lancer_alter)_(fate),4,1755,artoria_pendragon_(lancer_alter)_(fate),Saber_枪骑兵_黑化(Fate)
1630510,asashimo_(kancolle),4,1748,asashimo_(kancolle),朝霜(舰队Collection)
1644982,curren_chan_(umamusume),4,1741,curren_chan_(umamusume),真机伶(赛马娘)
1808100,dan_heng_(honkai:_star_rail),4,1736,dan_heng_(honkai:_star_rail),丹恒(崩坏：星穹铁道)
1639112,sendai_kai_ni_(kancolle),4,1733,sendai_kai_ni_(kancolle),川内改二(舰队Collection)
1644976,admire_vega_(umamusume),4,1730,admire_vega_(umamusume),待兼福来(赛马娘)
1734866,musashi_kai_ni_(kancolle),4,1724,musashi_kai_ni_(kancolle),武藏改二(舰队Collection)
1645007,seiun_sky_(umamusume),4,1716,seiun_sky_(umamusume),西沙里奥(赛马娘)
1644983,eishin_flash_(umamusume),4,1702,eishin_flash_(umamusume),荣进闪耀(赛马娘)
1630499,arashio_(kancolle),4,1699,arashio_(kancolle),荒潮(舰队Collection)
1682867,iroha_(blue_archive),4,1699,iroha_(blue_archive),枣伊吕波(蔚蓝档案)
1933164,takanashi_kiara_(1st_costume),4,1697,takanashi_kiara_(1st_costume),小鸟游琪亚拉(公式服)
1317067,ringo_(touhou),4,1693,ringo_(touhou),铃瑚(touhou)
1933161,kiryu_coco_(1st_costume),4,1693,kiryu_coco_(1st_costume),桐生可可(公式服)
1627626,leonardo_da_vinci_(fate),4,1690,leonardo_da_vinci_(fate),列奥纳多·达·芬奇(Fate)
1732422,kasumi_kai_ni_(kancolle),4,1686,kasumi_kai_ni_(kancolle),霞改二(舰队Collection)
1933191,shishiro_botan_(1st_costume),4,1679,shishiro_botan_(1st_costume),狮白牡丹(公式服)
1597302,beidou_(genshin_impact),4,1676,beidou_(genshin_impact),北斗(原神)
1581646,noelle_(genshin_impact),4,1656,noelle_(genshin_impact),诺艾尔(原神)
1630529,ayanami_(kancolle),4,1655,ayanami_(kancolle),绫波(舰队Collection)
1630445,agano_(kancolle),4,1648,agano_(kancolle),阿贺野(舰队Collection)
1641844,yanfei_(genshin_impact),4,1647,yanfei_(genshin_impact),烟绯(原神)
1645011,tamamo_cross_(umamusume),4,1640,tamamo_cross_(umamusume),玉藻十字(赛马娘)
1627148,koyanskaya_(fate),4,1639,koyanskaya_(fate),高扬斯卡娅(Fate)
1644990,king_halo_(umamusume),4,1633,king_halo_(umamusume),金子陵(赛马娘)
1933189,yukihana_lamy_(1st_costume),4,1629,yukihana_lamy_(1st_costume),雪花菈米(公式服)
1631054,isuzu_(kancolle),4,1627,isuzu_(kancolle),五十铃(舰队Collection)
1933156,hoshimachi_suisei_(1st_costume),4,1627,hoshimachi_suisei_(1st_costume),星街彗星(公式服)
1534779,artoria_pendragon_(swimsuit_ruler)_(fate),4,1623,泳装狮子王(fate),泳装狮子王(Fate)
1667329,oberon_(fate),4,1619,oberon_(fate),奥伯龙(Fate)
1806087,hoshino_(swimsuit)_(blue_archive),4,1615,hoshino_(swimsuit)_(blue_archive),小鸟游星野_泳装(蔚蓝档案)
1793083,silver_wolf_(honkai:_star_rail),4,1615,silver_wolf_(honkai:_star_rail),银狼(崩坏：星穹铁道)
1810157,tighnari_(genshin_impact),4,1615,tighnari_(genshin_impact),提纳里(原神)
1525687,blue_poison_(arknights),4,1612,blue_poison_(arknights),蓝毒(明日方舟)
1467946,haru_urara_(umamusume),4,1608,haru_urara_(umamusume),春丽(赛马娘)
1528228,le_malin_(azur_lane),4,1602,le_malin_(azur_lane),恶毒(碧蓝航线)
1825474,ichika_(blue_archive),4,1601,ichika_(blue_archive),仲正一花(蔚蓝档案)
1631208,myoukou_(kancolle),4,1598,myoukou_(kancolle),妙高(舰队Collection)
1631141,libeccio_(kancolle),4,1596,libeccio_(kancolle),利贝乔奥(舰队Collection)
1446812,honolulu_(azur_lane),4,1590,honolulu_(azur_lane),火奴鲁鲁(碧蓝航线)
1631408,tashkent_(kancolle),4,1590,tashkent_(kancolle),塔什干(舰队Collection)
1561956,bremerton_(scorching-hot_training)_(azur_lane),4,1590,布莱默顿（炙热的网球练习）（碧蓝航线）,布莱默顿_炙热的网球练习(碧蓝航线)
1631062,jervis_(kancolle),4,1582,jervis_(kancolle),杰维斯(舰队Collection)
1525577,hoshiguma_(arknights),4,1578,hoshiguma_(arknights),星熊(明日方舟)
1629640,martha_(fate),4,1576,martha_(fate),玛尔达(Fate)
1933172,uruha_rushia_(1st_costume),4,1568,uruha_rushia_(1st_costume),润羽露西娅(公式服)
1682834,matikane_tannhauser_(umamusume),4,1564,matikane_tannhauser_(umamusume),待兼唐怀瑟(赛马娘)
1630653,fletcher_(kancolle),4,1562,fletcher_(kancolle),弗莱彻(舰队Collection)
1382909,kawakaze_(kancolle),4,1557,kawakaze_(kancolle),江风(舰队Collection)
1440177,z23_(azur_lane),4,1552,z23_(azur_lane),Z23(碧蓝航线)
1933183,minato_aqua_(1st_costume),4,1550,minato_aqua_(1st_costume),凑阿库娅(公式服)
1630671,furutaka_(kancolle),4,1549,furutaka_(kancolle),古鹰(舰队Collection)
1631161,mamiya_(kancolle),4,1547,mamiya_(kancolle),间宫(舰队Collection)
1675004,elysia_(honkai_impact),4,1547,elysia_(honkai_impact),爱莉希雅(崩坏3rd)
1629414,artoria_pendragon_(alter_swimsuit_rider)_(fate),4,1546,artoria_pendragon_(alter_swimsuit_rider)_(fate),Saber_泳装(Fate)
1631052,isonami_(kancolle),4,1543,isonami_(kancolle),矶波(舰队Collection)
1676220,peroro_(blue_archive),4,1542,peroro_(blue_archive),佩洛洛(蔚蓝档案)
1627803,yang_guifei_(fate),4,1532,yang_guifei_(fate),杨贵妃(Fate)
1627248,shun_(blue_archive),4,1529,shun_(blue_archive),春原瞬(蔚蓝档案)
1644977,agnes_digital_(umamusume),4,1526,agnes_digital_(umamusume),爱丽数码(赛马娘)
1627695,marie_antoinette_(fate),4,1525,marie_antoinette_(fate),玛丽·安托瓦内特(Fate)
1627756,scathach_skadi_(fate),4,1525,scathach_skadi_(fate),斯卡哈·斯卡蒂(Fate)
1932879,hibiki_(cheer_squad)_(blue_archive),4,1516,hibiki_(cheer_squad)_(blue_archive),猫冢响_啦啦队(蔚蓝档案)
1644970,grass_wonder_(umamusume),4,1514,grass_wonder_(umamusume),草上飞(赛马娘)
1631100,katori_(kancolle),4,1506,katori_(kancolle),香取(舰队Collection)
1639094,murakumo_kai_ni_(kancolle),4,1504,murakumo_kai_ni_(kancolle),丛云改二(舰队Collection)
1677021,melusine_(fate),4,1504,melusine_(fate),美露辛(Fate)
1535146,schwarz_(arknights),4,1500,schwarz_(arknights),黑(明日方舟)
1644973,narita_brian_(umamusume),4,1492,narita_brian_(umamusume),成田白仁(赛马娘)
1531714,baltimore_(azur_lane),4,1485,baltimore_(azur_lane),巴尔的摩(碧蓝航线)
1588986,abigail_williams_(swimsuit_foreigner)_(fate),4,1485,abigail_williams_(swimsuit_foreigner)_(fate),阿比盖尔·威廉姆斯_泳装(Fate)
1757557,jeanne_d'arc_alter_(ver._shinjuku_1999)_(fate),4,1479,jeanne_d'arc_alter_(ver._shinjuku_1999)_(fate),贞德_新宿1999(Fate)
1933148,tokoyami_towa_(1st_costume),4,1471,tokoyami_towa_(1st_costume),常闇永远(公式服)
1627580,helena_blavatsky_(fate),4,1469,helena_blavatsky_(fate),海伦娜·布拉瓦茨基(Fate)
1630559,enemy_aircraft_(kancolle),4,1467,enemy_aircraft_(kancolle),敌机(舰队Collection)
2008086,osakabehime_(fate),4,1464,osakabehime_(fate),刑部姬(Fate)
1630726,hayashimo_(kancolle),4,1463,hayashimo_(kancolle),早霜(舰队Collection)
1499780,jeanne_d'arc_(swimsuit_archer)_(fate),4,1458,jeanne_d'arc_(swimsuit_archer)_(fate),贞德_泳装(Fate)
1589993,chongyun_(genshin_impact),4,1442,chongyun_(genshin_impact),重云(原神)
1688526,kokona_(blue_archive),4,1438,kokona_(blue_archive),春原心奈(蔚蓝档案)
1768187,saki_(blue_archive),4,1434,saki_(blue_archive),空井咲(蔚蓝档案)
1551542,dido_(azur_lane),4,1432,dido_(azur_lane),黛朵(碧蓝航线)
1768632,mysterious_heroine_x_alter_(fate),4,1426,mysterious_heroine_x_alter_(fate),谜之女主角X_黑化(Fate)
1630503,ark_royal_(kancolle),4,1420,ark_royal_(kancolle),皇家方舟(舰队Collection)
1630643,etorofu_(kancolle),4,1412,etorofu_(kancolle),择捉(舰队Collection)
1589994,xingqiu_(genshin_impact),4,1410,xingqiu_(genshin_impact),行秋(原神)
1533372,miyamoto_musashi_(swimsuit_berserker)_(fate),4,1405,miyamoto_musashi_(swimsuit_berserker)_(fate),宫本武藏_泳装(Fate)
1684743,mr._c.b._(umamusume),4,1402,mr._c.b._(umamusume),米浴(赛马娘)
1631092,kamoi_(kancolle),4,1398,kamoi_(kancolle),神威(舰队Collection)
1677017,barghest_(fate),4,1392,barghest_(fate),芭格斯特(Fate)
1386217,umikaze_(kancolle),4,1387,umikaze_(kancolle),海风(舰队Collection)
1630693,hagikaze_(kancolle),4,1385,hagikaze_(kancolle),萩风(舰队Collection)
1753908,goldenglow_(arknights),4,1381,goldenglow_(arknights),澄闪(明日方舟)
1631145,little_boy_admiral_(kancolle),4,1371,little_boy_admiral_(kancolle),小男孩提督(舰队Collection)
1713162,cyno_(genshin_impact),4,1368,cyno_(genshin_impact),赛诺(原神)
1407454,atalanta_(fate),4,1366,阿塔兰塔(fate),阿塔兰塔(Fate)
396219,tokiko_(touhou),4,1364,tokiko_(touhou),时子(touhou)
1522707,siege_(arknights),4,1362,推进之王（明日方舟）,推进之王（明日方舟）(明日方舟)
1841705,kaveh_(genshin_impact),4,1362,kaveh_(genshin_impact),卡维(原神)
1630544,colorado_(kancolle),4,1357,colorado_(kancolle),科罗拉多(舰队Collection)
1479089,okita_souji_alter_(fate),4,1356,okita_souji_alter_(fate),冲田总司_黑化(Fate)
1644965,air_groove_(umamusume),4,1356,air_groove_(umamusume),空中神宫(赛马娘)
1631358,shouhou_(kancolle),4,1355,shouhou_(kancolle),祥凤(舰队Collection)
1933157,sakura_miko_(1st_costume),4,1354,sakura_miko_(1st_costume),樱巫女(公式服)
1584984,serika_(blue_archive),4,1339,serika_(blue_archive),黑见芹香(蔚蓝档案)
1631270,richelieu_(kancolle),4,1338,richelieu_(kancolle),黎塞留(舰队Collection)
1631260,oyashio_(kancolle),4,1336,oyashio_(kancolle),亲潮(舰队Collection)
1993491,shiroko_terror_(blue_archive),4,1336,shiroko_terror_(blue_archive),砂狼白子_黑化(蔚蓝档案)
1511279,murasaki_shikibu_(fate),4,1329,murasaki_shikibu_(fate),紫式部(Fate)
1630497,arashi_(kancolle),4,1323,arashi_(kancolle),岚(舰队Collection)
1779349,kanna_(blue_archive),4,1316,kanna_(blue_archive),尾刃叶渚(蔚蓝档案)
1932884,hasumi_(track)_(blue_archive),4,1314,hasumi_(track)_(blue_archive),羽川莲见_运动服(蔚蓝档案)
1649113,gilles_de_rais_(caster)_(fate),4,1313,gilles_de_rais_(caster)_(fate),吉尔·德·雷_魔术师(Fate)
1530489,eyjafjalla_(arknights),4,1312,eyjafjalla_(arknights),艾雅法拉(明日方舟)
1630505,asagumo_(kancolle),4,1310,asagumo_(kancolle),朝云(舰队Collection)
1341419,anila_(granblue_fantasy),4,1309,阿妮拉（碧蓝幻想）,阿妮拉(碧蓝幻想)
1630636,enemy_lifebuoy_(kancolle),4,1308,enemy_lifebuoy_(kancolle),敌方救生圈(舰队Collection)
1932889,mari_(track)_(blue_archive),4,1300,mari_(track)_(blue_archive),伊落玛丽_运动服(蔚蓝档案)
1627780,tokitarou_(fate),4,1299,tokitarou_(fate),时太郎(Fate)
1799502,shun_(small)_(blue_archive),4,1297,shun_(small)_(blue_archive),春原瞬_幼年(蔚蓝档案)
1933141,hakui_koyori_(1st_costume),4,1296,hakui_koyori_(1st_costume),博衣小夜璃(公式服)
1639053,fubuki_kai_ni_(kancolle),4,1293,fubuki_kai_ni_(kancolle),吹雪改二(舰队Collection)
421683,angel_(kof),4,1287,安琪儿（拳皇）,安琪儿(拳皇)
1705709,irene_(arknights),4,1284,irene_(arknights),艾丽妮(明日方舟)
1780213,hina_(swimsuit)_(blue_archive),4,1279,hina_(swimsuit)_(blue_archive),空崎日奈_泳装(蔚蓝档案)
1631154,maikaze_(kancolle),4,1275,maikaze_(kancolle),舞风(舰队Collection)
1611841,haruna_(blue_archive),4,1272,haruna_(blue_archive),黑馆晴奈(蔚蓝档案)
1671729,sirius_symboli_(umamusume),4,1272,sirius_symboli_(umamusume),天狼星(赛马娘)
1631255,ooshio_(kancolle),4,1271,ooshio_(kancolle),大潮(舰队Collection)
1542249,assam_(girls_und_panzer),4,1269,阿萨姆（少女与战车）,阿萨姆(少女与战车)
1414917,alpaca_suri_(kemono_friends),4,1269,苏利羊驼（动物朋友）,苏利羊驼(动物朋友)
1937492,tsukino_mito_(1st_costume),4,1268,tsukino_mito_(1st_costume),月之美兔(公式服)
1644991,matikanefukukitaru_(umamusume),4,1264,matikanefukukitaru_(umamusume),待兼福来(赛马娘)
1631068,johnston_(kancolle),4,1263,johnston_(kancolle),约翰斯顿(舰队Collection)
1814441,arlecchino_(genshin_impact),4,1254,arlecchino_(genshin_impact),阿蕾奇诺(原神)
1594449,kashino_(azur_lane),4,1252,kashino_(azur_lane),樫野(碧蓝航线)
1481030,caenis_(fate),4,1247,caenis_(fate),凯妮斯(Fate)
1472521,medea_(fate),4,1246,medea_(fate),美狄亚(Fate)
1682879,seia_(blue_archive),4,1245,seia_(blue_archive),百合园圣亚(蔚蓝档案)
1627521,boudica_(fate),4,1235,boudica_(fate),布狄卡(Fate)
1645008,smart_falcon_(umamusume),4,1235,smart_falcon_(umamusume),醒目飞鹰(赛马娘)
1810886,dehya_(genshin_impact),4,1234,dehya_(genshin_impact),迪希雅(原神)
1933147,murasaki_shion_(1st_costume),4,1232,murasaki_shion_(1st_costume),紫咲诗音(公式服)
1631536,hilichurl_(genshin_impact),4,1224,hilichurl_(genshin_impact),丘丘人(原神)
1603873,mountain_(arknights),4,1218,mountain_(arknights),山(明日方舟)
1125853,enkidu_(fate),4,1215,enkidu_(fate),恩奇都(Fate)
1933142,kazama_iroha_(1st_costume),4,1215,kazama_iroha_(1st_costume),风真伊吕波(公式服)
1594283,shinano_(azur_lane),4,1214,shinano_(azur_lane),信浓(碧蓝航线)
1622926,akane_(blue_archive),4,1214,akane_(blue_archive),室笠茜(蔚蓝档案)
1644995,meisho_doto_(umamusume),4,1214,meisho_doto_(umamusume),名将怒涛(赛马娘)
1536880,zara_(azur_lane),4,1209,zara_(azur_lane),扎拉(碧蓝航线)
1631180,mikuma_(kancolle),4,1208,mikuma_(kancolle),三隈(舰队Collection)
1617664,rosaria_(genshin_impact),4,1204,rosaria_(genshin_impact),罗莎莉亚(原神)
1630717,hatsushimo_(kancolle),4,1199,hatsushimo_(kancolle),初霜(舰队Collection)
1572402,xiangling_(genshin_impact),4,1197,xiangling_(genshin_impact),香菱(原神)
1538944,sussurro_(arknights),4,1195,sussurro_(arknights),苏苏洛(明日方舟)
1630538,chitose_(kancolle),4,1192,chitose_(kancolle),千岁(舰队Collection)
1631019,i-26_(kancolle),4,1192,i-26_(kancolle),伊号26潜水舰(舰队Collection)
1933109,amane_kanata_(1st_costume),4,1191,amane_kanata_(1st_costume),天音彼方(公式服)
1682889,wakamo_(blue_archive),4,1190,wakamo_(blue_archive),狐坂若藻(蔚蓝档案)
1391739,karna_(fate),4,1189,karna_(fate),迦尔纳(Fate)
1631518,zara_(kancolle),4,1189,zara_(kancolle),扎拉(舰队Collection)
1639062,haruna_kai_ni_(kancolle),4,1187,haruna_kai_ni_(kancolle),榛名改二(舰队Collection)
1431995,minamoto_no_raikou_(swimsuit_lancer)_(fate),4,1184,minamoto_no_raikou_(swimsuit_lancer)_(fate),源赖光_泳装(Fate)
1630667,fumizuki_(kancolle),4,1177,fumizuki_(kancolle),文月(舰队Collection)
1625351,eimi_(blue_archive),4,1173,eimi_(blue_archive),和泉元艾米(蔚蓝档案)
1630715,hatsukaze_(kancolle),4,1167,hatsukaze_(kancolle),初风(舰队Collection)
1630536,chikuma_(kancolle),4,1165,chikuma_(kancolle),筑摩(舰队Collection)
1732814,kongou_kai_ni_(kancolle),4,1163,kongou_kai_ni_(kancolle),金刚改二(舰队Collection)
1644984,fine_motion_(umamusume),4,1162,fine_motion_(umamusume),美妙姿势(赛马娘)
1607439,arjuna_(fate),4,1161,arjuna_(fate),阿周那(Fate)
1631106,kazagumo_(kancolle),4,1161,kazagumo_(kancolle),风云(舰队Collection)
1630728,hayasui_(kancolle),4,1158,hayasui_(kancolle),早吸(舰队Collection)
1714815,himari_(blue_archive),4,1157,himari_(blue_archive),明星日鞠(蔚蓝档案)
1971284,koharu_(swimsuit)_(blue_archive),4,1156,koharu_(swimsuit)_(blue_archive),下江小春_泳装(蔚蓝档案)
1629448,passionlip_(fate),4,1155,passionlip_(fate),热情之唇(Fate)
1440247,yamashiro_(azur_lane),4,1155,yamashiro_(azur_lane),山城(碧蓝航线)
1781047,artoria_pendragon_(alter_swimsuit_rider)_(second_ascension)_(fate),4,1155,artoria_pendragon_(alter_swimsuit_rider)_(second_ascension)_(fate),Saber_泳装第二再临(Fate)
1452674,frankenstein's_monster_(fate),4,1154,frankenstein's_monster_(fate),弗兰肯斯坦的怪物(Fate)
1631088,kako_(kancolle),4,1154,kako_(kancolle),加古(舰队Collection)
1962844,neuvillette_(genshin_impact),4,1154,neuvillette_(genshin_impact),那维莱特(原神)
1933196,ouro_kronii_(1st_costume),4,1152,ouro_kronii_(1st_costume),欧罗·克罗尼(公式服)
1527167,azura_(fire_emblem),4,1146,阿库娅（火焰之纹章）,阿库娅(火焰之纹章)
1629357,medb_(fate),4,1139,medb_(fate),梅芙(Fate)
1806082,nonomi_(swimsuit)_(blue_archive),4,1138,nonomi_(swimsuit)_(blue_archive),十六夜野宫_泳装(蔚蓝档案)
1631246,nowaki_(kancolle),4,1132,nowaki_(kancolle),野分(舰队Collection)
1932167,caelus_(honkai:_star_rail),4,1131,caelus_(honkai:_star_rail),开拓者_穹(崩坏：星穹铁道)
1629366,xuangzang_sanzang_(fate),4,1130,xuangzang_sanzang_(fate),玄奘三藏(Fate)
1645009,super_creek_(umamusume),4,1128,super_creek_(umamusume),超级小海湾(赛马娘)
1644996,mejiro_dober_(umamusume),4,1125,mejiro_dober_(umamusume),目白多伯(赛马娘)
472786,america_(hetalia),4,1123,阿尔弗雷德·F·琼斯,阿尔弗雷德·F·琼斯(hetalia)
1645001,narita_taishin_(umamusume),4,1123,narita_taishin_(umamusume),成田大进(赛马娘)
1631147,littorio_(kancolle),4,1122,littorio_(kancolle),维托里奥·维内托(舰队Collection)
1598866,sucrose_(genshin_impact),4,1121,sucrose_(genshin_impact),砂糖(原神)
1572599,rosmontis_(arknights),4,1116,rosmontis_(arknights),迷迭香(明日方舟)
1606545,diona_(genshin_impact),4,1111,diona_(genshin_impact),迪奥娜(原神)
1684742,t.m._opera_o_(umamusume),4,1111,t.m._opera_o_(umamusume),大树快车(赛马娘)
1631192,mochizuki_(kancolle),4,1108,mochizuki_(kancolle),望月(舰队Collection)
1631437,tsushima_(kancolle),4,1108,tsushima_(kancolle),对马(舰队Collection)
1551455,silence_(arknights),4,1105,silence_(arknights),赫默(明日方舟)
1627153,medjed_(fate),4,1104,medjed_(fate),梅杰德(Fate)
1720788,lynette_(genshin_impact),4,1104,lynette_(genshin_impact),琳妮特(原神)
1478568,merlin_(fate),4,1103,merlin_(fate),梅林(Fate)
1557434,ceobe_(arknights),4,1098,ceobe_(arknights),刻俄柏(明日方舟)
1631396,takanami_(kancolle),4,1095,takanami_(kancolle),高波(舰队Collection)
423518,berserker_(fate/zero),4,1090,狂兰|狂阶兰斯洛特,狂兰|狂阶兰斯洛特(fate)
628333,yumi_(senran_kagura),4,1089,雪泉（闪乱神乐）,雪泉(闪乱神乐)
1799499,neru_(bunny)_(blue_archive),4,1085,neru_(bunny)_(blue_archive),美甘妮露_兔女郎(蔚蓝档案)
1631040,intrepid_(kancolle),4,1084,intrepid_(kancolle),勇猛(舰队Collection)
1552816,blaze_(arknights),4,1082,blaze_(arknights),煌(明日方舟)
1524996,ifrit_(arknights),4,1075,ifrit_(arknights),伊芙利特(明日方舟)
1387115,scathach_(swimsuit_assassin)_(fate),4,1069,scathach_(swimsuit_assassin)_(fate),斯卡哈_泳装(Fate)
1519338,nursery_rhyme_(fate),4,1068,nursery_rhyme_(fate),童谣(Fate)
1241962,kishinami_hakuno_(female),4,1067,岸波白野,岸波白野(fate)
1525261,platinum_(arknights),4,1062,platinum_(arknights),白金(明日方舟)
1455448,nagato_(azur_lane),4,1059,nagato_(azur_lane),长门(碧蓝航线)
1579977,cheshire_(azur_lane),4,1059,cheshire_(azur_lane),柴郡(碧蓝航线)
1531303,swire_(arknights),4,1056,swire_(arknights),诗怀雅(明日方舟)
1447950,nearl_(arknights),4,1053,nearl_(arknights),临光(明日方舟)
1631276,roma_(kancolle),4,1049,roma_(kancolle),罗马(舰队Collection)
1722586,abigail_williams_(traveling_outfit)_(fate),4,1045,abigail_williams_(traveling_outfit)_(fate),阿比盖尔·威廉姆斯_旅行服装(Fate)
1766156,astolfo_(sailor_paladin)_(fate),4,1042,astolfo_(sailor_paladin)_(fate),阿斯托尔福_水手圣骑士(Fate)
1631530,collei_(genshin_impact),4,1039,collei_(genshin_impact),柯莱(原神)
1933137,nakiri_ayame_(1st_costume),4,1038,nakiri_ayame_(1st_costume),百鬼绫目(公式服)
1646030,daitaku_helios_(umamusume),4,1036,daitaku_helios_(umamusume),大拓太阳神(赛马娘)
1733431,murasame_kai_ni_(kancolle),4,1029,murasame_kai_ni_(kancolle),村雨改二(舰队Collection)
1631064,jingei_(kancolle),4,1027,jingei_(kancolle),迅鲸(舰队Collection)
1627618,king_hassan_(fate),4,1023,king_hassan_(fate),King Hassan(Fate)
1645010,sweep_tosho_(umamusume),4,1020,sweep_tosho_(umamusume),气槽(赛马娘)
1684882,florence_nightingale_(trick_or_treatment)_(fate),4,1018,florence_nightingale_(trick_or_treatment)_(fate),南丁格尔_万圣节(Fate)
1524346,pramanix_(arknights),4,1018,pramanix_(arknights),初雪(明日方舟)
1631480,yamagumo_(kancolle),4,1017,yamagumo_(kancolle),山云(舰队Collection)
1506004,amagi_(azur_lane),4,1015,amagi_(azur_lane),天城(碧蓝航线)
1630474,akitsushima_(kancolle),4,1014,akitsushima_(kancolle),秋津洲(舰队Collection)
1827586,blade_(honkai:_star_rail),4,1014,blade_(honkai:_star_rail),刃(崩坏：星穹铁道)
1660762,new_jersey_(azur_lane),4,1007,new_jersey_(azur_lane),新泽西(碧蓝航线)
1600590,haruka_(blue_archive),4,1004,haruka_(blue_archive),伊草春香(蔚蓝档案)
1783064,miyamoto_musashi_(swimsuit_berserker)_(second_ascension)_(fate),4,1001,miyamoto_musashi_(swimsuit_berserker)_(second_ascension)_(fate),宫本武藏_泳装第二再临(Fate)
1560517,utage_(arknights),4,998,utage_(arknights),宴(明日方舟)
1767936,cu_chulainn_alter_(fate),4,992,cu_chulainn_alter_(fate),库·丘林_黑化(Fate)
1933174,shirogane_noel_(1st_costume),4,991,shirogane_noel_(1st_costume),白银诺艾尔(公式服)
1783170,meltryllis_(swimsuit_lancer)_(first_ascension)_(fate),4,988,meltryllis_(swimsuit_lancer)_(first_ascension)_(fate),溶解莉莉丝_泳装第一再临(Fate)
1967582,justice_task_force_member_(blue_archive),4,988,justice_task_force_member_(blue_archive),正义实现委员会成员(蔚蓝档案)
1627134,euryale_(fate),4,981,euryale_(fate),尤瑞艾莉(Fate)
1435684,merlin_(fate/prototype),4,979,merlin_(fate/prototype),梅林(Fate/Prototype)
1631002,hornet_(kancolle),4,975,hornet_(kancolle),大黄蜂(舰队Collection)
1762549,mordred_(memories_at_trifas)_(fate),4,966,mordred_(memories_at_trifas)_(fate),莫德雷德_特里法斯回忆(Fate)
1955327,miyako_(swimsuit)_(blue_archive),4,963,miyako_(swimsuit)_(blue_archive),月雪宫子_泳装(蔚蓝档案)
1630481,amagi_(kancolle),4,962,amagi_(kancolle),天城(舰队Collection)
1631297,samuel_b._roberts_(kancolle),4,957,samuel_b._roberts_(kancolle),塞缪尔·B·罗伯茨(舰队Collection)
1665128,gorou_(genshin_impact),4,957,gorou_(genshin_impact),五郎(原神)
1473353,arthur_pendragon_(fate),4,956,旧剑(fate),旧剑(Fate)
1704666,natsu_(blue_archive),4,954,natsu_(blue_archive),柚鸟夏(蔚蓝档案)
1630548,commandant_teste_(kancolle),4,951,commandant_teste_(kancolle),司令官泰斯特(舰队Collection)
1933128,tsunomaki_watame_(1st_costume),4,949,tsunomaki_watame_(1st_costume),角卷绵芽(公式服)
1626859,tsubaki_(blue_archive),4,945,tsubaki_(blue_archive),春日椿(蔚蓝档案)
1676518,thoma_(genshin_impact),4,943,thoma_(genshin_impact),托马(原神)
1631110,kinu_(kancolle),4,940,kinu_(kancolle),鬼怒(舰队Collection)
1631290,sagiri_(kancolle),4,940,sagiri_(kancolle),狭雾(舰队Collection)
1439979,graf_zeppelin_(azur_lane),4,938,graf_zeppelin_(azur_lane),齐柏林(碧蓝航线)
1644979,air_shakur_(umamusume),4,937,air_shakur_(umamusume),气槽(赛马娘)
1631288,sado_(kancolle),4,935,sado_(kancolle),佐渡(舰队Collection)
1769566,moe_(blue_archive),4,935,moe_(blue_archive),风仓萌绘(蔚蓝档案)
1444059,hammann_(azur_lane),4,934,hammann_(azur_lane),哈曼(碧蓝航线)
1835548,reisa_(blue_archive),4,926,reisa_(blue_archive),宇泽玲纱(蔚蓝档案)
1955322,miyu_(swimsuit)_(blue_archive),4,926,miyu_(swimsuit)_(blue_archive),霞泽美游_泳装(蔚蓝档案)
1630493,aquila_(kancolle),4,924,aquila_(kancolle),阿奎拉(舰队Collection)
1670429,aegir_(azur_lane),4,922,aegir_(azur_lane),埃吉尔(碧蓝航线)
1439987,cleveland_(azur_lane),4,920,cleveland_(azur_lane),克利夫兰(碧蓝航线)
1587911,tomimi_(arknights),4,920,tomimi_(arknights),特米米(明日方舟)
1931557,ookami_mio_(3rd_costume),4,919,ookami_mio_(3rd_costume),大神澪(三式服)
1727047,crystalfly_(genshin_impact),4,918,crystalfly_(genshin_impact),晶蝶(原神)
1275716,hatsuharu_(kancolle),4,917,hatsuharu_(kancolle),初春(舰队Collection)
1631170,matsuwa_(kancolle),4,916,matsuwa_(kancolle),松轮(舰队Collection)
890228,alisa_(girls_und_panzer),4,902,亚理纱（少女与战车）,亚理纱(少女与战车)
1627523,bradamante_(fate),4,901,bradamante_(fate),布拉达曼特(Fate)
1478519,cu_chulainn_(caster)_(fate),4,899,cu_chulainn_(caster)_(fate),库·丘林_魔术师(Fate)
1650598,mejiro_ardan_(umamusume),4,899,mejiro_ardan_(umamusume),目白阿丹(赛马娘)
1933111,natsuiro_matsuri_(1st_costume),4,898,natsuiro_matsuri_(1st_costume),夏色祭(公式服)
1678878,la_pluma_(arknights),4,898,la_pluma_(arknights),羽毛笔(明日方舟)
1630540,chiyoda_(kancolle),4,896,chiyoda_(kancolle),千代田(舰队Collection)
1929197,aris_(maid)_(blue_archive),4,896,aris_(maid)_(blue_archive),天童爱丽丝_女仆(蔚蓝档案)
1631178,mikazuki_(kancolle),4,895,mikazuki_(kancolle),三日月(舰队Collection)
1780229,iori_(swimsuit)_(blue_archive),4,894,iori_(swimsuit)_(blue_archive),银镜伊织_泳装(蔚蓝档案)
1976777,mococo_abyssgard_(1st_costume),4,892,mococo_abyssgard_(1st_costume),莫可可·深渊守卫(公式服)
1734145,ling_(arknights),4,889,ling_(arknights),令(明日方舟)
1976776,fuwawa_abyssgard_(1st_costume),4,887,fuwawa_abyssgard_(1st_costume),芙瓦瓦·深渊守卫(公式服)
1631235,nenohi_(kancolle),4,886,nenohi_(kancolle),子日(舰队Collection)
2021808,kikyou_(blue_archive),4,885,kikyou_(blue_archive),桐生桔梗(蔚蓝档案)
2004297,yang_guifei_(second_ascension)_(fate),4,884,yang_guifei_(second_ascension)_(fate),杨贵妃第二再临(Fate)
1258956,anna_(frozen),4,883,安娜（冰雪奇缘）,安娜(冰雪奇缘)
1679660,ibuki_(blue_archive),4,883,ibuki_(blue_archive),丹花伊吹(蔚蓝档案)
1522437,feater_(arknights),4,880,feater_(arknights),食铁兽(明日方舟)
1586655,eunectes_(arknights),4,880,eunectes_(arknights),森蚺(明日方舟)
1933146,ookami_mio_(1st_costume),4,877,ookami_mio_(1st_costume),大神澪(公式服)
1816469,izuna_(swimsuit)_(blue_archive),4,874,izuna_(swimsuit)_(blue_archive),久田泉奈_泳装(蔚蓝档案)
1680296,nagisa_(blue_archive),4,873,nagisa_(blue_archive),桐藤渚(蔚蓝档案)
1275714,arare_(kancolle),4,872,arare_(kancolle),霰(舰队Collection)
1630704,harukaze_(kancolle),4,872,harukaze_(kancolle),春风(舰队Collection)
1630508,asakaze_(kancolle),4,870,asakaze_(kancolle),朝风(舰队Collection)
1439976,kisaragi_(azur_lane),4,869,如月（碧蓝航线）|如月,如月(碧蓝航线)
1933167,mori_calliope_(1st_costume),4,869,mori_calliope_(1st_costume),森美声(公式服)
1728033,keqing_(opulent_splendor)_(genshin_impact),4,869,keqing_(opulent_splendor)_(genshin_impact),刻晴_霓裾翩跹(原神)
1630999,hiyou_(kancolle),4,868,hiyou_(kancolle),飞鹰(舰队Collection)
1782427,bb_(swimsuit_mooncancer)_(second_ascension)_(fate),4,867,bb_(swimsuit_mooncancer)_(second_ascension)_(fate),BB_泳装第二再临(Fate)
1904758,katsuragi_ace_(umamusume),4,867,katsuragi_ace_(umamusume),葛城荣主(赛马娘)
1551985,sirius_(azure_horizons)_(azur_lane),4,865,sirius_(azure_horizons)_(azur_lane),天狼星_碧波青云(碧蓝航线)
1631405,tanikaze_(kancolle),4,862,tanikaze_(kancolle),谷风(舰队Collection)
1768617,scathach_(piercing_bunny)_(fate),4,862,scathach_(piercing_bunny)_(fate),斯卡哈_穿刺兔女郎(Fate)
1786499,artoria_caster_(second_ascension)_(fate),4,860,artoria_caster_(second_ascension)_(fate),阿尔托莉雅·Caster第二再临(Fate)
606793,alastor_(shakugan_no_shana),4,859,天壤劫火·亚拉斯特尔,天壤劫火·亚拉斯特尔(灼眼的夏娜)
1267895,ayane_(doa),4,859,绫音（死或生）,绫音(死或生)
1579297,male_doctor_(arknights),4,858,male_doctor_(arknights),男性博士(明日方舟)
1933145,takane_lui_(1st_costume),4,858,takane_lui_(1st_costume),鹰岭瑠衣(公式服)
700633,ene_(kagerou_project),4,854,榎本贵音（阳炎计划）,榎本贵音(阳炎计划)
1680386,senji_muramasa_(fate),4,853,senji_muramasa_(fate),千子村正(Fate)
1522750,projekt_red_(arknights),4,853,projekt_red_(arknights),红(明日方舟)
1631293,sakawa_(kancolle),4,851,sakawa_(kancolle),酒匂(舰队Collection)
1549856,frostnova_(arknights),4,850,frostnova_(arknights),霜星(明日方舟)
1799498,akane_(bunny)_(blue_archive),4,849,akane_(bunny)_(blue_archive),室笠茜_兔女郎(蔚蓝档案)
2069617,ako_(dress)_(blue_archive),4,849,ako_(dress)_(blue_archive),天雨亚子_礼服(蔚蓝档案)
1924186,kirara_(genshin_impact),4,847,kirara_(genshin_impact),绮良良(原神)
1505029,leonardo_da_vinci_(rider)_(fate),4,846,leonardo_da_vinci_(rider)_(fate),列奥纳多·达·芬奇(Fate)
1962907,navia_(genshin_impact),4,846,navia_(genshin_impact),娜维娅(原神)
1665104,sayu_(genshin_impact),4,845,sayu_(genshin_impact),早柚(原神)
1490217,homu_(honkai_impact),4,844,homu_(honkai_impact),吼姆(崩坏3rd)
1644967,el_condor_pasa_(umamusume),4,843,el_condor_pasa_(umamusume),神鹰(赛马娘)
1452675,achilles_(fate),4,842,achilles_(fate),阿喀琉斯(Fate)
1471118,roon_(azur_lane),4,837,roon_(azur_lane),罗恩(碧蓝航线)
1861329,cheval_grand_(umamusume),4,837,cheval_grand_(umamusume),准大亨(赛马娘)
1440255,yuudachi_(azur_lane),4,835,yuudachi_(azur_lane),夕立(碧蓝航线)
1441519,bismarck_(azur_lane),4,835,bismarck_(azur_lane),俾斯麦(碧蓝航线)
1764563,fiammetta_(arknights),4,833,fiammetta_(arknights),菲亚梅塔(明日方舟)
1644972,maruzensky_(umamusume),4,833,maruzensky_(umamusume),丸善斯基(赛马娘)
1644966,biwa_hayahide_(umamusume),4,832,biwa_hayahide_(umamusume),琵琶晨光(赛马娘)
1933176,oozora_subaru_(1st_costume),4,831,oozora_subaru_(1st_costume),大空昴(公式服)
1933194,omaru_polka_(1st_costume),4,831,omaru_polka_(1st_costume),尾丸波尔卡(公式服)
1631262,perth_(kancolle),4,828,perth_(kancolle),珀斯(舰队Collection)
1629426,mysterious_heroine_x_(fate),4,827,mysterious_heroine_x_(fate),谜之女主角X(Fate)
1631233,nelson_(kancolle),4,826,nelson_(kancolle),纳尔逊(舰队Collection)
1784572,abigail_williams_(swimsuit_foreigner)_(third_ascension)_(fate),4,826,abigail_williams_(swimsuit_foreigner)_(third_ascension)_(fate),阿比盖尔·威廉姆斯_泳装第三再临(Fate)
1630639,enemy_naval_mine_(kancolle),4,825,enemy_naval_mine_(kancolle),敌方水雷(舰队Collection)
1456294,admiral_graf_spee_(azur_lane),4,825,斯佩伯爵海军上将（碧蓝航线）,斯佩伯爵海军上将(碧蓝航线)
1627556,edmond_dantes_(fate),4,822,edmond_dantes_(fate),爱德蒙·唐泰斯(Fate)
1629302,gawain_(fate),4,820,gawain_(fate),高文(Fate)
1766600,abigail_williams_(third_ascension)_(fate),4,820,abigail_williams_(third_ascension)_(fate),阿比盖尔·威廉姆斯第三再临(Fate)
1765868,jeanne_d'arc_alter_(avenger)_(third_ascension)_(fate),4,819,jeanne_d'arc_alter_(avenger)_(third_ascension)_(fate),贞德_黑化_复仇者第三再临(Fate)
1820726,hokko_tarumae_(umamusume),4,818,hokko_tarumae_(umamusume),北港塔鲁芳(赛马娘)
506315,yumeko_(touhou),4,812,yumeko_(touhou),梦子(touhou)
1630689,grecale_(kancolle),4,812,grecale_(kancolle),格雷卡尔(舰队Collection)
1626332,saga_(arknights),4,812,saga_(arknights),嵯峨(明日方舟)
1626978,reisen_(touhou_bougetsushou),4,811,reisen_(touhou_bougetsushou),铃仙·优昙华院·因幡(东方儚月抄)
1768610,saber_alter_(ver._shinjuku_1999)_(fate),4,811,saber_alter_(ver._shinjuku_1999)_(fate),Saber_新宿1999(Fate)
1452666,brynhildr_(fate),4,807,brynhildr_(fate),布伦希尔德(Fate)
1931458,jingliu_(honkai:_star_rail),4,806,jingliu_(honkai:_star_rail),镜流(崩坏：星穹铁道)
1631348,shinshuu_maru_(kancolle),4,805,shinshuu_maru_(kancolle),神州丸(舰队Collection)
1599618,whislash_(arknights),4,805,whislash_(arknights),鞭刃(明日方舟)
1933214,hakos_baelz_(1st_costume),4,804,hakos_baelz_(1st_costume),哈科斯·贝尔兹(公式服)
1790199,copano_rickey_(umamusume),4,804,copano_rickey_(umamusume),小船(赛马娘)
1555021,sei_shounagon_(fate),4,803,sei_shounagon_(fate),清少纳言(Fate)
1782491,oberon_(third_ascension)_(fate),4,802,oberon_(third_ascension)_(fate),奥伯龙第三再临(Fate)
1388311,elizabeth_bathory_(brave)_(fate),4,801,elizabeth_bathory_(brave)_(fate),伊丽莎白·巴托里_战士(Fate)
1720787,lyney_(genshin_impact),4,800,lyney_(genshin_impact),林尼(原神)
1764432,jeanne_d'arc_(third_ascension)_(fate),4,799,jeanne_d'arc_(third_ascension)_(fate),贞德第三再临(Fate)
1682885,atsuko_(blue_archive),4,798,atsuko_(blue_archive),秤亚津子(蔚蓝档案)
1644985,gold_city_(umamusume),4,796,gold_city_(umamusume),黄金城(赛马娘)
1346609,beatrix_(granblue_fantasy),4,795,贝阿朵丽丝（碧蓝幻想）,贝阿朵丽丝(碧蓝幻想)
1600299,blemishine_(arknights),4,795,blemishine_(arknights),瑕光(明日方舟)
1648576,mejiro_palmer_(umamusume),4,795,mejiro_palmer_(umamusume),目白帕尔默(赛马娘)
1627732,paul_bunyan_(fate),4,794,paul_bunyan_(fate),保罗·班扬(Fate)
1452662,suzuka_gozen_(fate),4,790,suzuka_gozen_(fate),铃鹿御前(Fate)
1818873,kasumi_(blue_archive),4,789,kasumi_(blue_archive),鬼怒川霞(蔚蓝档案)
1441359,shoukaku_(azur_lane),4,785,shoukaku_(azur_lane),翔鹤(碧蓝航线)
1631012,i-13_(kancolle),4,783,i-13_(kancolle),伊号13潜水舰(舰队Collection)
1560765,bagpipe_(arknights),4,783,bagpipe_(arknights),风笛(明日方舟)
1951813,mudrock_(elite_ii)_(arknights),4,783,mudrock_(elite_ii)_(arknights),泥岩(明日方舟)
1785902,specter_the_unchained_(arknights),4,783,specter_the_unchained_(arknights),归溟幽灵鲨(明日方舟)
1627531,carmilla_(fate),4,782,carmilla_(fate),卡米拉(Fate)
1631216,nagara_(kancolle),4,781,nagara_(kancolle),长良(舰队Collection)
1645005,sakura_bakushin_o_(umamusume),4,781,sakura_bakushin_o_(umamusume),樱花进王(赛马娘)
1605354,guoba_(genshin_impact),4,777,guoba_(genshin_impact),锅巴(原神)
1541801,magallan_(arknights),4,776,magallan_(arknights),麦哲伦(明日方舟)
1631249,okinami_(kancolle),4,775,okinami_(kancolle),冲波(舰队Collection)
1639099,naganami_kai_ni_(kancolle),4,773,naganami_kai_ni_(kancolle),长波改二(舰队Collection)
1596254,razor_(genshin_impact),4,773,razor_(genshin_impact),雷泽(原神)
1752650,narita_top_road_(umamusume),4,773,narita_top_road_(umamusume),成田路(赛马娘)
1783171,meltryllis_(swimsuit_lancer)_(second_ascension)_(fate),4,771,meltryllis_(swimsuit_lancer)_(second_ascension)_(fate),溶解莉莉丝_泳装第二再临(Fate)
1657407,blue_poison_(shoal_beat)_(arknights),4,769,blue_poison_(shoal_beat)_(arknights),蓝毒_浅滩律动(明日方舟)
1631231,natori_(kancolle),4,765,natori_(kancolle),名取(舰队Collection)
1631118,kishinami_(kancolle),4,765,kishinami_(kancolle),岸波(舰队Collection)
1524978,silverash_(arknights),4,765,silverash_(arknights),银灰(明日方舟)
1443050,zuikaku_(azur_lane),4,763,zuikaku_(azur_lane),瑞鹤(碧蓝航线)
1678851,mizuki_(arknights),4,762,mizuki_(arknights),水月(明日方舟)
1954908,dan_heng_(imbibitor_lunae)_(honkai:_star_rail),4,760,dan_heng_(imbibitor_lunae)_(honkai:_star_rail),丹恒_饮月君(崩坏：星穹铁道)
1631060,janus_(kancolle),4,758,janus_(kancolle),雅努斯(舰队Collection)
1649138,heracles_(fate),4,756,heracles_(fate),赫拉克勒斯(Fate)
1627797,wu_zetian_(fate),4,756,wu_zetian_(fate),武则天(Fate)
1627167,stheno_(fate),4,755,stheno_(fate),斯忒诺(Fate)
1644974,taiki_shuttle_(umamusume),4,755,taiki_shuttle_(umamusume),大拓(赛马娘)
1781830,jeanne_d'arc_(swimsuit_archer)_(first_ascension)_(fate),4,753,jeanne_d'arc_(swimsuit_archer)_(first_ascension)_(fate),贞德_泳装第一再临(Fate)
1847558,layla_(genshin_impact),4,753,layla_(genshin_impact),莱依拉(原神)
1631044,irako_(kancolle),4,751,irako_(kancolle),伊良湖(舰队Collection)
1631108,kikuzuki_(kancolle),4,742,kikuzuki_(kancolle),菊月(舰队Collection)
1431868,nitocris_(swimsuit_assassin)_(fate),4,742,nitocris_(swimsuit_assassin)_(fate),尼托克里斯_泳装(Fate)
1639090,maya_kai_ni_(kancolle),4,741,maya_kai_ni_(kancolle),摩耶改二(舰队Collection)
1658838,sakura_chiyono_o_(umamusume),4,740,sakura_chiyono_o_(umamusume),樱花千代王(赛马娘)
1627625,lavinia_whateley_(fate),4,739,lavinia_whateley_(fate),拉维妮娅·沃特利(Fate)
1793076,himeko_(honkai:_star_rail),4,739,himeko_(honkai:_star_rail),姬子(崩坏：星穹铁道)
1607368,van_gogh_(fate),4,738,van_gogh_(fate),梵高(Fate)
1442949,ptilopsis_(arknights),4,735,ptilopsis_(arknights),白面鸮(明日方舟)
1859641,faruzan_(genshin_impact),4,735,faruzan_(genshin_impact),珐露珊(原神)
1782428,bb_(swimsuit_mooncancer)_(third_ascension)_(fate),4,734,bb_(swimsuit_mooncancer)_(third_ascension)_(fate),BB_泳装第三再临(Fate)
1962856,wriothesley_(genshin_impact),4,732,wriothesley_(genshin_impact),莱欧斯利(原神)
1856690,texas_the_omertosa_(arknights),4,731,texas_the_omertosa_(arknights),缄默德克萨斯(明日方舟)
1485459,jean_bart_(azur_lane),4,728,jean_bart_(azur_lane),让·巴尔(碧蓝航线)
1731177,yun_jin_(genshin_impact),4,728,yun_jin_(genshin_impact),云堇(原神)
1787758,kaho_(blue_archive),4,727,kaho_(blue_archive),桑上果穗(蔚蓝档案)
2057377,shiori_novella_(1st_costume),4,727,shiori_novella_(1st_costume),诗织·诺维拉(公式服)
1631097,kasuga_maru_(kancolle),4,726,kasuga_maru_(kancolle),春日丸(舰队Collection)
1646769,ikuno_dictus_(umamusume),4,725,ikuno_dictus_(umamusume),育能(赛马娘)
1527178,elise_(fire_emblem),4,724,伊莉丝（火焰之纹章）,伊莉丝(火焰之纹章)
1387122,mordred_(swimsuit_rider)_(fate),4,718,mordred_(swimsuit_rider)_(fate),莫德雷德_泳装(Fate)
1654875,shigure_(blue_archive),4,718,shigure_(blue_archive),间宵时雨(蔚蓝档案)
1698183,koyuki_(blue_archive),4,718,koyuki_(blue_archive),黑崎小雪(蔚蓝档案)
1627172,viy_(fate),4,717,viy_(fate),维伊(Fate)
1765330,elizabeth_bathory_(first_ascension)_(fate),4,716,elizabeth_bathory_(first_ascension)_(fate),伊丽莎白·巴托里第一再临(Fate)
1529378,sakata_kintoki_(fate),4,716,sakata_kintoki_(fate),坂田金时(Fate)
1440285,queen_elizabeth_(azur_lane),4,715,queen_elizabeth_(azur_lane),伊丽莎白女王(碧蓝航线)
1893558,shigure_kai_san_(kancolle),4,714,shigure_kai_san_(kancolle),时雨改三(舰队Collection)
1452677,semiramis_(fate),4,711,semiramis_(fate),赛米拉米斯(Fate)
1629339,gray_(fate),4,709,gray_(fate),格蕾(Fate)
1627758,scheherazade_(fate),4,709,scheherazade_(fate),舍赫拉查德(Fate)
1588338,tomoe_gozen_(swimsuit_saber)_(fate),4,709,tomoe_gozen_(swimsuit_saber)_(fate),巴御前_泳装(Fate)
1538082,myrtle_(arknights),4,708,myrtle_(arknights),桃金娘(明日方舟)
1461598,sheffield_(azur_lane),4,706,sheffield_(azur_lane),谢菲尔德(碧蓝航线)
1488450,sora_(arknights),4,700,sora_(arknights),空(明日方舟)
1631186,minegumo_(kancolle),4,699,minegumo_(kancolle),峯云(舰队Collection)
1692320,nemo_(fate),4,698,nemo_(fate),尼莫(Fate)
1530200,shining_(arknights),4,697,shining_(arknights),闪灵(明日方舟)
1836426,aranara_(genshin_impact),4,697,aranara_(genshin_impact),兰那罗(原神)
1553038,gravel_(arknights),4,696,gravel_(arknights),砾(明日方舟)
1652773,gladiia_(arknights),4,696,gladiia_(arknights),歌蕾蒂娅(明日方舟)
1617254,fuuka_(blue_archive),4,693,fuuka_(blue_archive),爱清风香(蔚蓝档案)
1545621,astolfo_(saber)_(fate),4,692,astolfo_(saber)_(fate),阿斯托尔福(Fate)
1913137,ho'olheyak_(arknights),4,689,ho'olheyak_(arknights),霍尔海雅(明日方舟)
1962930,clorinde_(genshin_impact),4,688,clorinde_(genshin_impact),克洛琳德(原神)
1577018,rosa_(arknights),4,685,rosa_(arknights),早露(明日方舟)
1782757,kama_(first_ascension)_(fate),4,685,kama_(first_ascension)_(fate),迦摩第一再临(Fate)
1768854,mysterious_heroine_x_alter_(first_ascension)_(fate),4,683,mysterious_heroine_x_alter_(first_ascension)_(fate),谜之女主角X_黑化第一再临(Fate)
1524831,jessica_(arknights),4,683,jessica_(arknights),杰西卡(明日方舟)
1454529,okada_izou_(fate),4,682,okada_izou_(fate),冈田以藏(Fate)
1622476,tsurugi_(blue_archive),4,682,tsurugi_(blue_archive),剑先鹤城(蔚蓝档案)
1625322,maki_(blue_archive),4,681,maki_(blue_archive),小涂真纪(蔚蓝档案)
1482284,oda_nobukatsu_(fate),4,678,oda_nobukatsu_(fate),织田信胜(Fate)
1530558,gavial_(arknights),4,678,gavial_(arknights),嘉维尔(明日方舟)
1639124,tenryuu_kai_ni_(kancolle),4,677,tenryuu_kai_ni_(kancolle),天龙改二(舰队Collection)
1903602,implacable_(azur_lane),4,677,implacable_(azur_lane),不挠(碧蓝航线)
1971286,ui_(swimsuit)_(blue_archive),4,674,ui_(swimsuit)_(blue_archive),古关忧_泳装(蔚蓝档案)
2042242,xianyun_(genshin_impact),4,673,xianyun_(genshin_impact),闲云(原神)
1734375,shiratsuyu_kai_ni_(kancolle),4,672,shiratsuyu_kai_ni_(kancolle),白露改二(舰队Collection)
1695273,okita_j._souji_(fate),4,672,okita_j._souji_(fate),冲田·J·总司(Fate)
1524990,zima_(arknights),4,671,zima_(arknights),凛冬(明日方舟)
1933135,akai_haato_(1st_costume),4,669,akai_haato_(1st_costume),赤井心(公式服)
1933187,kureiji_ollie_(1st_costume),4,667,kureiji_ollie_(1st_costume),狂乱奥莉(公式服)
1582407,perseus_(azur_lane),4,667,perseus_(azur_lane),英仙座(碧蓝航线)
1631014,i-14_(kancolle),4,665,i-14_(kancolle),伊号14潜水舰(舰队Collection)
1530808,frostleaf_(arknights),4,665,frostleaf_(arknights),霜叶(明日方舟)
1930563,nekomata_okayu_(3rd_costume),4,665,nekomata_okayu_(3rd_costume),猫又小粥(三式服)
1793084,seele_(honkai:_star_rail),4,665,seele_(honkai:_star_rail),希儿(崩坏：星穹铁道)
1396665,medusa_(lancer)_(fate),4,664,medusa_(lancer)_(fate),美杜莎_枪骑兵(Fate)
1440310,eldridge_(azur_lane),4,661,埃尔德里奇（碧蓝航线）,埃尔德里奇(碧蓝航线)
1627881,skadi_(waverider)_(arknights),4,660,skadi_(waverider)_(arknights),斯卡蒂_驭浪WR04(明日方舟)
1955335,saki_(swimsuit)_(blue_archive),4,658,saki_(swimsuit)_(blue_archive),空井咲_泳装(蔚蓝档案)
1644971,hishi_amazon_(umamusume),4,658,hishi_amazon_(umamusume),菱亚马孙(赛马娘)
1396666,gilgamesh_(caster)_(fate),4,656,gilgamesh_(caster)_(fate),吉尔伽美什_魔术师(Fate)
1631369,south_dakota_(kancolle),4,655,south_dakota_(kancolle),南达科他(舰队Collection)
1645003,nishino_flower_(umamusume),4,655,nishino_flower_(umamusume),西野花(赛马娘)
1643067,hinata_(blue_archive),4,654,hinata_(blue_archive),若叶日向(蔚蓝档案)
1631470,wakaba_(kancolle),4,651,wakaba_(kancolle),若叶(舰队Collection)
1644969,fuji_kiseki_(umamusume),4,651,fuji_kiseki_(umamusume),富士奇迹(赛马娘)
1645013,winning_ticket_(umamusume),4,651,winning_ticket_(umamusume),胜利奖券(赛马娘)
1387119,kiyohime_(swimsuit_lancer)_(fate),4,650,清姫（泳装）,清姫_泳装(fate)
1645012,tosen_jordan_(umamusume),4,650,tosen_jordan_(umamusume),东商变革(赛马娘)
1723652,aurora_(arknights),4,648,aurora_(arknights),极光(明日方舟)
1977084,baobhan_sith_(first_ascension)_(fate),4,646,baobhan_sith_(first_ascension)_(fate),芭班·希第一再临(Fate)
1692684,sakurako_(blue_archive),4,641,sakurako_(blue_archive),歌住樱子(蔚蓝档案)
2069619,hina_(dress)_(blue_archive),4,641,hina_(dress)_(blue_archive),空崎日奈_礼服(蔚蓝档案)
1781831,jeanne_d'arc_(swimsuit_archer)_(second_ascension)_(fate),4,640,jeanne_d'arc_(swimsuit_archer)_(second_ascension)_(fate),贞德_泳装第二再临(Fate)
1622083,serina_(blue_archive),4,637,serina_(blue_archive),鹫见芹娜(蔚蓝档案)
1627784,valkyrie_(fate),4,636,valkyrie_(fate),瓦尔基里(Fate)
1567602,muelsyse_(arknights),4,636,muelsyse_(arknights),缪尔赛思(明日方舟)
1639075,jintsuu_kai_ni_(kancolle),4,635,jintsuu_kai_ni_(kancolle),神通改二(舰队Collection)
1686625,conte_di_cavour_(kancolle),4,633,conte_di_cavour_(kancolle),加富尔伯爵(舰队Collection)
1904760,hishi_miracle_(umamusume),4,631,hishi_miracle_(umamusume),菱奇迹(赛马娘)
1630702,hamanami_(kancolle),4,629,hamanami_(kancolle),滨波(舰队Collection)
1931154,uruha_rushia_(3rd_costume),4,629,uruha_rushia_(3rd_costume),润羽露西娅(三式服)
1763341,fuyutsuki_(kancolle),4,629,fuyutsuki_(kancolle),冬月(舰队Collection)
1608817,junko_(blue_archive),4,627,junko_(blue_archive),赤司纯子(蔚蓝档案)
2034651,eimi_(swimsuit)_(blue_archive),4,627,eimi_(swimsuit)_(blue_archive),和泉元艾米_泳装(蔚蓝档案)
1639085,kinugasa_kai_ni_(kancolle),4,625,kinugasa_kai_ni_(kancolle),衣笠改二(舰队Collection)
1645000,nakayama_festa_(umamusume),4,623,nakayama_festa_(umamusume),中山庆典(赛马娘)
1630664,fujinami_(kancolle),4,620,fujinami_(kancolle),藤波(舰队Collection)
2024289,shuro_(blue_archive),4,618,shuro_(blue_archive),箭吹棕榈(蔚蓝档案)
1759963,aston_machan_(umamusume),4,616,aston_machan_(umamusume),艾斯顿马迁(赛马娘)
