tag_id,name,category,count,right_tag_cn,game
1791857,painting_(action),0,1829,painting_(action),action
1875916,tiki_(adult)_(fire_emblem),4,912,tiki_(adult)_(fire_emblem),adult)_(fire_emblem
512930,alice_(alice_in_wonderland),4,2801,alice_(alice_in_wonderland),alice_in_wonderland
1663193,white_rabbit_(alice_in_wonderland),4,844,white_rabbit_(alice_in_wonderland),alice_in_wonderland
1663181,alice_(alice_in_wonderland)_(cosplay),0,1172,alice_(alice_in_wonderland)_(cosplay),alice_in_wonderland)_(cosplay
1565907,seele_(alter_ego),4,826,seele_(alter_ego),alter_ego
1593833,crewmate_(among_us),4,1019,crewmate_(among_us),among_us
528716,yui_(angel_beats!),4,1170,yui_(angel_beats!),angel_beats!
1325214,seal_(animal),0,891,seal_(animal),animal
571097,crane_(animal),0,935,crane_(animal),animal
594366,bat_(animal),0,11529,bat_(animal),animal
1230568,isabelle_(animal_crossing),4,1110,isabelle_(animal_crossing),animal_crossing
1512399,wraith_(apex_legends),4,1409,wraith_(apex_legends),apex_legends
1526355,wattson_(apex_legends),4,1523,wattson_(apex_legends),apex_legends
1623487,crypto_(apex_legends),4,761,crypto_(apex_legends),apex_legends
595668,hatsune_miku_(append),4,1548,hatsune_miku_(append),append
652982,visor_(armor),0,1578,visor_(armor),armor
1299315,spoiler_(automobile),0,863,spoiler_(automobile),automobile
981832,guts_(berserk),4,1019,guts_(berserk),berserk
446937,reiuji_utsuho_(bird),4,1451,reiuji_utsuho_(bird),bird
1279056,revy_(black_lagoon),4,906,revy_(black_lagoon),black_lagoon
1591011,nia_(blade)_(xenoblade),4,1067,nia_(blade)_(xenoblade),blade)_(xenoblade
1310847,hunter_(bloodborne),4,905,hunter_(bloodborne),bloodborne
1317200,endeavor_(boku_no_hero_academia),4,1909,endeavor_(boku_no_hero_academia),boku_no_hero_academia
1492855,hawks_(boku_no_hero_academia),4,1431,hawks_(boku_no_hero_academia),boku_no_hero_academia
1892221,jug_(bottle),0,657,jug_(bottle),bottle
1287696,yumi_(bow),0,725,yumi_(bow),bow
1641409,ingrid_(capcom),4,701,ingrid_(capcom),capcom
2061489,takanashi_kiara_(casual),4,706,takanashi_kiara_(casual),casual
2061491,gawr_gura_(casual),4,770,gawr_gura_(casual),casual
2061500,shirogane_noel_(casual),4,888,shirogane_noel_(casual),casual
2061496,sakura_miko_(casual),4,931,sakura_miko_(casual),casual
439625,kaenbyou_rin_(cat),4,2457,kaenbyou_rin_(cat),cat
1827083,yoru_(chainsaw_man),4,1426,yoru_(chainsaw_man),chainsaw_man
1515819,power_(chainsaw_man),4,4069,power_(chainsaw_man),chainsaw_man
1589614,pochita_(chainsaw_man),4,1295,pochita_(chainsaw_man),chainsaw_man
1516925,makima_(chainsaw_man),4,6072,makima_(chainsaw_man),chainsaw_man
1528128,himeno_(chainsaw_man),4,1298,himeno_(chainsaw_man),chainsaw_man
1563389,angel_devil_(chainsaw_man),4,727,angel_devil_(chainsaw_man),chainsaw_man
1568796,quanxi_(chainsaw_man),4,732,quanxi_(chainsaw_man),chainsaw_man
1515818,denji_(chainsaw_man),4,3464,denji_(chainsaw_man),chainsaw_man
1539717,reze_(chainsaw_man),4,1860,reze_(chainsaw_man),chainsaw_man
466365,mega_man_(character),4,1132,mega_man_(character),character
1572332,helltaker_(character),4,949,helltaker_(character),character
1705933,monster_hunter_(character),4,3486,monster_hunter_(character),character
1762593,kirisawa_juuzou_(character),4,700,kirisawa_juuzou_(character),character
1667541,pom_pom_(cheerleading),0,15083,pom_pom_(cheerleading),cheerleading
1303619,pawn_(chess),0,701,pawn_(chess),chess
385267,tokyo_(city),0,890,tokyo_(city),city
2075818,nike_(company),0,1884,nike_(company),company
1410867,window_(computing),0,763,window_(computing),computing
1715534,baton_(conducting),0,1050,baton_(conducting),conducting
1892220,pitcher_(container),0,711,pitcher_(container),container
1618015,slime_(creature),0,2697,slime_(creature),creature
519987,pikmin_(creature),0,1212,pikmin_(creature),creature
1422082,digimon_(creature),0,5145,digimon_(creature),creature
1846970,rebecca_(cyberpunk),4,1525,rebecca_(cyberpunk),cyberpunk
1846972,lucy_(cyberpunk),4,1113,lucy_(cyberpunk),cyberpunk
1246632,monomi_(danganronpa),4,1088,monomi_(danganronpa),danganronpa
1680379,mash_kyrielight_(dangerous_beast),4,2132,mash_kyrielight_(dangerous_beast),dangerous_beast
1681601,mash_kyrielight_(dangerous_beast)_(cosplay),0,1166,mash_kyrielight_(dangerous_beast)_(cosplay),dangerous_beast)_(cosplay
1312747,hestia_(danmachi),4,3738,hestia_(danmachi),danmachi
1589903,yin_(darker_than_black),4,1122,yin_(darker_than_black),darker_than_black
1442305,hiro_(darling_in_the_franxx),4,1724,hiro_(darling_in_the_franxx),darling_in_the_franxx
1442306,zero_two_(darling_in_the_franxx),4,4068,zero_two_(darling_in_the_franxx),darling_in_the_franxx
1442307,ichigo_(darling_in_the_franxx),4,1007,ichigo_(darling_in_the_franxx),darling_in_the_franxx
436841,raven_(dc),4,1029,raven_(dc),dc
1480768,siro_(dennou_shoujo_youtuber_siro),4,659,siro_(dennou_shoujo_youtuber_siro),dennou_shoujo_youtuber_siro
661692,dante_(devil_may_cry),4,1137,dante_(devil_may_cry),devil_may_cry
1824247,etna_(disgaea),4,1719,etna_(disgaea),disgaea
1790615,spicy_nun_(diva),4,744,spicy_nun_(diva),diva
1790618,froggy_nun_(diva),4,907,froggy_nun_(diva),diva
1790620,clumsy_nun_(diva),4,1036,clumsy_nun_(diva),diva
488853,kasumi_(doa),4,1692,kasumi_(doa),doa
1441567,monika_(doki_doki_literature_club),4,1406,monika_(doki_doki_literature_club),doki_doki_literature_club
1441569,yuri_(doki_doki_literature_club),4,827,yuri_(doki_doki_literature_club),doki_doki_literature_club
1441570,natsuki_(doki_doki_literature_club),4,865,natsuki_(doki_doki_literature_club),doki_doki_literature_club
1441568,sayori_(doki_doki_literature_club),4,698,sayori_(doki_doki_literature_club),doki_doki_literature_club
1228013,regina_(dokidoki!_precure),4,751,regina_(dokidoki!_precure),dokidoki!_precure
1611387,fumo_(doll),0,1083,fumo_(doll),doll
1694419,douki-chan_(douki-chan),4,708,douki-chan_(douki-chan),douki-chan
404920,sage_(dq3),4,729,sage_(dq3),dq3
404919,soldier_(dq3),4,686,soldier_(dq3),dq3
1674016,manya_(dq4),4,768,manya_(dq4),dq4
1592675,bianca_(dq5),4,926,bianca_(dq5),dq5
628623,sorceress_(dragon's_crown),4,1052,sorceress_(dragon's_crown),dragon's_crown
526169,trunks_(dragon_ball),4,1042,trunks_(dragon_ball),dragon_ball
1332548,chi-chi_(dragon_ball),4,1329,chi-chi_(dragon_ball),dragon_ball
474262,slime_(dragon_quest),4,1020,slime_(dragon_quest),dragon_quest
1671353,tarnished_(elden_ring),4,898,tarnished_(elden_ring),elden_ring
1261730,elesis_(elsword),4,852,elesis_(elsword),elsword
503437,eve_(elsword),4,1092,eve_(elsword),elsword
1396935,bc_freedom_(emblem),0,661,bc_freedom_(emblem),emblem
1578300,taihou_(enraptured_companion)_(azur_lane),4,916,taihou_(enraptured_companion)_(azur_lane),enraptured_companion)_(azur_lane
1886396,lance_of_longinus_(evangelion),0,735,lance_of_longinus_(evangelion),evangelion
1886276,corrin_(female)_(fire_emblem),4,2957,corrin_(female)_(fire_emblem),female)_(fire_emblem
1886280,robin_(female)_(fire_emblem),4,1881,robin_(female)_(fire_emblem),female)_(fire_emblem
1886284,byleth_(female)_(fire_emblem),4,4763,byleth_(female)_(fire_emblem),female)_(fire_emblem
1886303,alear_(female)_(fire_emblem),4,933,alear_(female)_(fire_emblem),female)_(fire_emblem
1755030,fujimaru_ritsuka_(female)_(polar_chaldea_uniform),4,847,fujimaru_ritsuka_(female)_(polar_chaldea_uniform),female)_(polar_chaldea_uniform
1323324,yuna_(ff10),4,994,yuna_(ff10),ff10
1990869,adventurer_(ff11),4,2156,adventurer_(ff11),ff11
1713829,mithra_(ff11),0,1472,mithra_(ff11),ff11
1350943,adventurer_(ff14),4,708,adventurer_(ff14),ff14
1613000,warrior_of_light_(ff14),4,12512,warrior_of_light_(ff14),ff14
1696728,rydia_(ff4),4,1249,rydia_(ff4),ff4
1325863,robin_(fire_emblem),4,3159,robin_(fire_emblem),fire_emblem
1508806,julia_(fire_emblem),4,728,julia_(fire_emblem),fire_emblem
411757,roy_(fire_emblem),4,903,roy_(fire_emblem),fire_emblem
1222667,ike_(fire_emblem),4,1355,ike_(fire_emblem),fire_emblem
1533069,rhea_(fire_emblem),4,844,rhea_(fire_emblem),fire_emblem
1532746,byleth_(fire_emblem),4,6056,byleth_(fire_emblem),fire_emblem
746341,tharja_(fire_emblem),4,1318,tharja_(fire_emblem),fire_emblem
1532745,sothis_(fire_emblem),4,658,sothis_(fire_emblem),fire_emblem
765367,chrom_(fire_emblem),4,885,chrom_(fire_emblem),fire_emblem
781225,lucina_(fire_emblem),4,3806,lucina_(fire_emblem),fire_emblem
715313,marth_(fire_emblem),4,1101,marth_(fire_emblem),fire_emblem
597426,eirika_(fire_emblem),4,898,eirika_(fire_emblem),fire_emblem
542843,nina_(fire_emblem),4,855,nina_(fire_emblem),fire_emblem
1528912,takumi_(fire_emblem),4,727,takumi_(fire_emblem),fire_emblem
1527238,kiran_(fire_emblem),4,854,kiran_(fire_emblem),fire_emblem
1408471,camilla_(fire_emblem),4,1851,camilla_(fire_emblem),fire_emblem
518079,tiki_(fire_emblem),4,1676,tiki_(fire_emblem),fire_emblem
1528887,grima_(fire_emblem),4,683,grima_(fire_emblem),fire_emblem
1528907,corrin_(fire_emblem),4,3761,corrin_(fire_emblem),fire_emblem
938279,lyn_(fire_emblem),4,2069,lyn_(fire_emblem),fire_emblem
1680143,pegasus_knight_uniform_(fire_emblem),0,882,pegasus_knight_uniform_(fire_emblem),fire_emblem
1842585,alear_(fire_emblem),4,1237,alear_(fire_emblem),fire_emblem
1055501,micaiah_(fire_emblem),4,1167,micaiah_(fire_emblem),fire_emblem
518157,peony_(flower),0,915,peony_(flower),flower
518151,anemone_(flower),0,794,anemone_(flower),flower
1726780,egg_(food),0,2626,egg_(food),food
622973,chicken_(food),0,1108,chicken_(food),food
1533721,fish_(food),0,2008,fish_(food),food
1839475,chips_(food),0,3723,chips_(food),food
1257906,elsa_(frozen),4,1454,elsa_(frozen),frozen
407968,lime_(fruit),0,738,lime_(fruit),fruit
729551,kiwi_(fruit),0,1001,kiwi_(fruit),fruit
496288,orange_(fruit),0,5708,orange_(fruit),fruit
1560134,morpeko_(full),4,1728,morpeko_(full),full
1594464,bloop_(gawr_gura),4,1678,bloop_(gawr_gura),gawr_gura
1456824,nekomusume_(gegege_no_kitarou_6),4,972,nekomusume_(gegege_no_kitarou_6),gegege_no_kitarou_6
602257,konpaku_youmu_(ghost),4,18383,konpaku_youmu_(ghost),ghost
404724,kagura_(gintama),4,1567,kagura_(gintama),gintama
1667152,m4_sopmod_ii_(girls'_frontline),4,1450,m4_sopmod_ii_(girls'_frontline),girls'_frontline
1672711,suomi_(girls'_frontline),4,938,suomi_(girls'_frontline),girls'_frontline
1672682,type_95_(girls'_frontline),4,946,type_95_(girls'_frontline),girls'_frontline
1670077,springfield_(girls'_frontline),4,2070,springfield_(girls'_frontline),girls'_frontline
1667232,rpk-16_(girls'_frontline),4,857,rpk-16_(girls'_frontline),girls'_frontline
1667213,m200_(girls'_frontline),4,1165,m200_(girls'_frontline),girls'_frontline
1667205,9a-91_(girls'_frontline),4,688,9a-91_(girls'_frontline),girls'_frontline
1667171,g36_(girls'_frontline),4,864,g36_(girls'_frontline),girls'_frontline
1667169,negev_(girls'_frontline),4,711,negev_(girls'_frontline),girls'_frontline
1667154,an-94_(girls'_frontline),4,1552,an-94_(girls'_frontline),girls'_frontline
1667168,dinergate_(girls'_frontline),4,865,dinergate_(girls'_frontline),girls'_frontline
1667166,ro635_(girls'_frontline),4,1036,ro635_(girls'_frontline),girls'_frontline
1667202,kalina_(girls'_frontline),4,847,kalina_(girls'_frontline),girls'_frontline
1667133,hk416_(girls'_frontline),4,4872,hk416_(girls'_frontline),girls'_frontline
1667150,st_ar-15_(girls'_frontline),4,1398,st_ar-15_(girls'_frontline),girls'_frontline
1667148,m4a1_(girls'_frontline),4,1551,m4a1_(girls'_frontline),girls'_frontline
1667146,g11_(girls'_frontline),4,1464,g11_(girls'_frontline),girls'_frontline
1667157,m16a1_(girls'_frontline),4,1407,m16a1_(girls'_frontline),girls'_frontline
1667140,ump9_(girls'_frontline),4,2239,ump9_(girls'_frontline),girls'_frontline
1667145,ak-12_(girls'_frontline),4,1915,ak-12_(girls'_frontline),girls'_frontline
1667138,wa2000_(girls'_frontline),4,2565,wa2000_(girls'_frontline),girls'_frontline
1667164,g41_(girls'_frontline),4,698,g41_(girls'_frontline),girls'_frontline
1667136,ump45_(girls'_frontline),4,3266,ump45_(girls'_frontline),girls'_frontline
1667163,commander_(girls'_frontline),4,1543,commander_(girls'_frontline),girls'_frontline
1281007,erwin_(girls_und_panzer),4,681,erwin_(girls_und_panzer),girls_und_panzer
1542251,orange_pekoe_(girls_und_panzer),4,1908,orange_pekoe_(girls_und_panzer),girls_und_panzer
1281005,naomi_(girls_und_panzer),4,748,naomi_(girls_und_panzer),girls_und_panzer
1489783,carpaccio_(girls_und_panzer),4,1135,carpaccio_(girls_und_panzer),girls_und_panzer
1337527,mika_(girls_und_panzer),4,2671,mika_(girls_und_panzer),girls_und_panzer
1337529,mikko_(girls_und_panzer),4,821,mikko_(girls_und_panzer),girls_und_panzer
1542253,rosehip_(girls_und_panzer),4,1680,rosehip_(girls_und_panzer),girls_und_panzer
1183449,nonna_(girls_und_panzer),4,2167,nonna_(girls_und_panzer),girls_und_panzer
1372463,darjeeling_(girls_und_panzer),4,5772,darjeeling_(girls_und_panzer),girls_und_panzer
1257062,pepperoni_(girls_und_panzer),4,1796,pepperoni_(girls_und_panzer),girls_und_panzer
1442807,marie_(girls_und_panzer),4,1269,marie_(girls_und_panzer),girls_und_panzer
1447804,oshida_(girls_und_panzer),4,1635,oshida_(girls_und_panzer),girls_und_panzer
713714,kay_(girls_und_panzer),4,3244,kay_(girls_und_panzer),girls_und_panzer
1450276,cutlass_(girls_und_panzer),4,714,cutlass_(girls_und_panzer),girls_und_panzer
1399517,tippy_(gochiusa),4,2407,tippy_(gochiusa),gochiusa
2039803,murasaki_shion_(gothic_lolita),4,638,murasaki_shion_(gothic_lolita),gothic_lolita
1311252,fighter_(granblue_fantasy),4,882,fighter_(granblue_fantasy),granblue_fantasy
1311289,lyria_(granblue_fantasy),4,963,lyria_(granblue_fantasy),granblue_fantasy
1311294,gran_(granblue_fantasy),4,2345,gran_(granblue_fantasy),granblue_fantasy
1307567,cagliostro_(granblue_fantasy),4,1348,cagliostro_(granblue_fantasy),granblue_fantasy
1318266,clarisse_(granblue_fantasy),4,1027,clarisse_(granblue_fantasy),granblue_fantasy
1318793,zeta_(granblue_fantasy),4,1281,zeta_(granblue_fantasy),granblue_fantasy
1344498,vane_(granblue_fantasy),4,932,vane_(granblue_fantasy),granblue_fantasy
1368529,vyrn_(granblue_fantasy),4,662,vyrn_(granblue_fantasy),granblue_fantasy
1322176,silva_(granblue_fantasy),4,642,silva_(granblue_fantasy),granblue_fantasy
1462589,zooey_(granblue_fantasy),4,779,zooey_(granblue_fantasy),granblue_fantasy
1341416,ferry_(granblue_fantasy),4,1045,ferry_(granblue_fantasy),granblue_fantasy
1341413,djeeta_(granblue_fantasy),4,4001,djeeta_(granblue_fantasy),granblue_fantasy
1462595,andira_(granblue_fantasy),4,855,andira_(granblue_fantasy),granblue_fantasy
1462591,narmaya_(granblue_fantasy),4,3008,narmaya_(granblue_fantasy),granblue_fantasy
1688938,vira_(granblue_fantasy),4,919,vira_(granblue_fantasy),granblue_fantasy
1327917,yuel_(granblue_fantasy),4,704,yuel_(granblue_fantasy),granblue_fantasy
1548047,vikala_(granblue_fantasy),4,1160,vikala_(granblue_fantasy),granblue_fantasy
1326283,jeanne_d'arc_(granblue_fantasy),4,656,jeanne_d'arc_(granblue_fantasy),granblue_fantasy
606875,little_red_riding_hood_(grimm),4,1515,little_red_riding_hood_(grimm),grimm
1249968,little_red_riding_hood_(grimm)_(cosplay),0,769,little_red_riding_hood_(grimm)_(cosplay),grimm)_(cosplay
1376985,roger_(guilty_gear),4,668,roger_(guilty_gear),guilty_gear
554323,may_(guilty_gear),4,1250,may_(guilty_gear),guilty_gear
707204,dizzy_(guilty_gear),4,2671,dizzy_(guilty_gear),guilty_gear
682208,bridget_(guilty_gear),4,2999,bridget_(guilty_gear),guilty_gear
1686868,mr._squeaks_(hakos_baelz),4,674,mr._squeaks_(hakos_baelz),hakos_baelz
1480691,platelet_(hataraku_saibou),4,767,platelet_(hataraku_saibou),hataraku_saibou
1572068,cerberus_(helltaker),4,968,cerberus_(helltaker),helltaker
1571821,modeus_(helltaker),4,1395,modeus_(helltaker),helltaker
1572074,lucifer_(helltaker),4,1618,lucifer_(helltaker),helltaker
1572071,justice_(helltaker),4,1086,justice_(helltaker),helltaker
496190,kabuto_(helmet),0,931,kabuto_(helmet),helmet
1638054,fu_hua_(herrscher_of_sentience),4,1162,fu_hua_(herrscher_of_sentience),herrscher_of_sentience
1584793,raiden_mei_(herrscher_of_thunder),4,786,raiden_mei_(herrscher_of_thunder),herrscher_of_thunder
472787,united_kingdom_(hetalia),4,967,united_kingdom_(hetalia),hetalia
472784,japan_(hetalia),4,1005,japan_(hetalia),hetalia
714995,yuno_(hidamari_sketch),4,1370,yuno_(hidamari_sketch),hidamari_sketch
1535101,azki_(hololive),4,855,azki_(hololive),hololive
1674212,irys_(hololive),4,2379,irys_(hololive),hololive
1619673,puru-see_(hoshizuki_(seigetsu)),4,682,puru-see_(hoshizuki_(seigetsu)),hoshizuki_(seigetsu)
1792537,zabaniyya_(housamo),4,962,zabaniyya_(housamo),housamo
1925037,protagonist_3_(housamo),4,1019,protagonist_3_(housamo),housamo
1251357,diamond_(houseki_no_kuni),4,626,diamond_(houseki_no_kuni),houseki_no_kuni
1853184,kamiyama_high_school_uniform_(hyouka),0,1290,kamiyama_high_school_uniform_(hyouka),hyouka
680146,mary_(ib),4,802,mary_(ib),ib
705643,ib_(ib),4,1073,ib_(ib),ib
684942,garry_(ib),4,828,garry_(ib),ib
1615566,usa-chan_(idolmaster),4,778,usa-chan_(idolmaster),idolmaster
452135,producer_(idolmaster),4,7935,producer_(idolmaster),idolmaster
664499,hino_akane_(idolmaster),4,811,hino_akane_(idolmaster),idolmaster
664406,natalia_(idolmaster),4,849,natalia_(idolmaster),idolmaster
1249795,sailor_swimsuit_(idolmaster),0,651,sailor_swimsuit_(idolmaster),idolmaster
1303014,producer_(idolmaster_cinderella_girls_anime),4,1665,producer_(idolmaster_cinderella_girls_anime),idolmaster_cinderella_girls_anime
2068563,barefoot_sandals_(jewelry),0,1088,barefoot_sandals_(jewelry),jewelry
2003712,tokoyami_towa_(jirai_kei),4,1488,tokoyami_towa_(jirai_kei),jirai_kei
1155353,kars_(jojo),4,1060,kars_(jojo),jojo
1600783,ryoumen_sukuna_(jujutsu_kaisen),4,1180,ryoumen_sukuna_(jujutsu_kaisen),jujutsu_kaisen
1353706,mumei_(kabaneri),4,818,mumei_(kabaneri),kabaneri
1668461,kaf_(kamitsubaki_studio),4,822,kaf_(kamitsubaki_studio),kamitsubaki_studio
1624311,nagi_(kannagi),4,1196,nagi_(kannagi),kannagi
1417248,common_raccoon_(kemono_friends),4,3001,common_raccoon_(kemono_friends),kemono_friends
1417247,japanese_crested_ibis_(kemono_friends),4,1670,japanese_crested_ibis_(kemono_friends),kemono_friends
1413408,small-clawed_otter_(kemono_friends),4,787,small-clawed_otter_(kemono_friends),kemono_friends
1409820,ezo_red_fox_(kemono_friends),4,1528,ezo_red_fox_(kemono_friends),kemono_friends
1409004,african_wild_dog_(kemono_friends),4,665,african_wild_dog_(kemono_friends),kemono_friends
1408885,dhole_(kemono_friends),4,939,dhole_(kemono_friends),kemono_friends
1408392,golden_snub-nosed_monkey_(kemono_friends),4,717,golden_snub-nosed_monkey_(kemono_friends),kemono_friends
1407816,silver_fox_(kemono_friends),4,1615,silver_fox_(kemono_friends),kemono_friends
1407495,eurasian_eagle_owl_(kemono_friends),4,1295,eurasian_eagle_owl_(kemono_friends),kemono_friends
1407467,northern_white-faced_owl_(kemono_friends),4,1631,northern_white-faced_owl_(kemono_friends),kemono_friends
1407120,humboldt_penguin_(kemono_friends),4,948,humboldt_penguin_(kemono_friends),kemono_friends
1406378,shoebill_(kemono_friends),4,2005,shoebill_(kemono_friends),kemono_friends
1406070,jaguar_(kemono_friends),4,1240,jaguar_(kemono_friends),kemono_friends
1405419,lucky_beast_(kemono_friends),4,1941,lucky_beast_(kemono_friends),kemono_friends
1405300,kaban_(kemono_friends),4,5475,kaban_(kemono_friends),kemono_friends
1405299,emperor_penguin_(kemono_friends),4,1190,emperor_penguin_(kemono_friends),kemono_friends
1405059,sand_cat_(kemono_friends),4,744,sand_cat_(kemono_friends),kemono_friends
1405056,lion_(kemono_friends),4,983,lion_(kemono_friends),kemono_friends
1405055,fennec_(kemono_friends),4,2825,fennec_(kemono_friends),kemono_friends
1405054,caracal_(kemono_friends),4,830,caracal_(kemono_friends),kemono_friends
1405052,moose_(kemono_friends),4,816,moose_(kemono_friends),kemono_friends
1405000,serval_(kemono_friends),4,7418,serval_(kemono_friends),kemono_friends
1404427,tsuchinoko_(kemono_friends),4,849,tsuchinoko_(kemono_friends),kemono_friends
1610738,island_fox_(kemono_friends),4,901,island_fox_(kemono_friends),kemono_friends
1405975,grey_wolf_(kemono_friends),4,1532,grey_wolf_(kemono_friends),kemono_friends
1566256,captain_(kemono_friends),4,964,captain_(kemono_friends),kemono_friends
1408788,brown_bear_(kemono_friends),4,859,brown_bear_(kemono_friends),kemono_friends
691588,pit_(kid_icarus),4,993,pit_(kid_icarus),kid_icarus
1901538,scissor_blade_(kill_la_kill),0,2113,scissor_blade_(kill_la_kill),kill_la_kill
542683,sonya_(kill_me_baby),4,1466,sonya_(kill_me_baby),kill_me_baby
485033,sora_(kingdom_hearts),4,1167,sora_(kingdom_hearts),kingdom_hearts
1583984,kino_(kino_no_tabi),4,1034,kino_(kino_no_tabi),kino_no_tabi
1734279,okita_souji_(koha-ace),4,4843,okita_souji_(koha-ace),koha-ace
1734277,oda_nobunaga_(koha-ace),4,1832,oda_nobunaga_(koha-ace),koha-ace
1350741,darkness_(konosuba),4,2082,darkness_(konosuba),konosuba
1351074,wiz_(konosuba),4,715,wiz_(konosuba),konosuba
1351075,yunyun_(konosuba),4,1024,yunyun_(konosuba),konosuba
1719451,crow_(la+_darknesss),4,813,crow_(la+_darknesss),la+_darknesss
660302,ahri_(league_of_legends),4,3689,ahri_(league_of_legends),league_of_legends
1248475,jinx_(league_of_legends),4,1957,jinx_(league_of_legends),league_of_legends
676594,lulu_(league_of_legends),4,978,lulu_(league_of_legends),league_of_legends
1646463,gwen_(league_of_legends),4,1117,gwen_(league_of_legends),league_of_legends
609604,evelynn_(league_of_legends),4,740,evelynn_(league_of_legends),league_of_legends
587354,lux_(league_of_legends),4,1049,lux_(league_of_legends),league_of_legends
597140,katarina_(league_of_legends),4,692,katarina_(league_of_legends),league_of_legends
616166,caitlyn_(league_of_legends),4,944,caitlyn_(league_of_legends),league_of_legends
1716063,soraka_(league_of_legends),4,842,soraka_(league_of_legends),league_of_legends
717909,vi_(league_of_legends),4,914,vi_(league_of_legends),league_of_legends
734427,sona_(league_of_legends),4,1302,sona_(league_of_legends),league_of_legends
1635490,poke_ball_(legends),0,679,poke_ball_(legends),legends
1693037,le_malin_(listless_lapin)_(azur_lane),4,805,le_malin_(listless_lapin)_(azur_lane),listless_lapin)_(azur_lane
1449525,phosphophyllite_(ll),4,762,phosphophyllite_(ll),ll
1420942,yuuki_setsuna_(love_live!),4,1699,yuuki_setsuna_(love_live!),love_live!
1573721,st._louis_(luxurious_wheels)_(azur_lane),4,834,st._louis_(luxurious_wheels)_(azur_lane),luxurious_wheels)_(azur_lane
1403841,yoshida_yuuko_(machikado_mazoku),4,2752,yoshida_yuuko_(machikado_mazoku),machikado_mazoku
1861772,crisis_management_form_(machimazo),0,774,crisis_management_form_(machimazo),machimazo
1402193,nanachi_(made_in_abyss),4,1217,nanachi_(made_in_abyss),made_in_abyss
603070,charlotte_(madoka_magica),4,2728,charlotte_(madoka_magica),madoka_magica
1660217,lucoa_(maidragon),4,1132,lucoa_(maidragon),maidragon
1409154,tohru_(maidragon),4,1684,tohru_(maidragon),maidragon
1398812,kobayashi_(maidragon),4,789,kobayashi_(maidragon),maidragon
1404598,ilulu_(maidragon),4,994,ilulu_(maidragon),maidragon
1362417,elaina_(majo_no_tabitabi),4,1147,elaina_(majo_no_tabitabi),majo_no_tabitabi
1211856,kiki_(majo_no_takkyuubin),4,873,kiki_(majo_no_takkyuubin),majo_no_takkyuubin
1886278,corrin_(male)_(fire_emblem),4,935,corrin_(male)_(fire_emblem),male)_(fire_emblem
1886282,robin_(male)_(fire_emblem),4,1418,robin_(male)_(fire_emblem),male)_(fire_emblem
1886287,byleth_(male)_(fire_emblem),4,1632,byleth_(male)_(fire_emblem),male)_(fire_emblem
1755026,fujimaru_ritsuka_(male)_(polar_chaldea_uniform),4,855,fujimaru_ritsuka_(male)_(polar_chaldea_uniform),male)_(polar_chaldea_uniform
652455,maou_(maoyuu),4,848,maou_(maoyuu),maoyuu
1572164,luma_(mario),4,904,luma_(mario),mario
1181678,boo_(mario),4,1316,boo_(mario),mario
1835765,evangelion_(mecha),0,1244,evangelion_(mecha),mecha
1974818,tarot_(medium),0,1391,tarot_(medium),medium
502652,ink_(medium),0,969,ink_(medium),medium
1610148,poster_(medium),0,1267,poster_(medium),medium
1611666,dakimakura_(medium),0,19942,dakimakura_(medium),medium
1685910,painting_(medium),0,13693,painting_(medium),medium
1645715,zero_(mega_man),4,1038,zero_(mega_man),mega_man
970886,roll_(mega_man),4,1515,roll_(mega_man),mega_man
1645753,roll_caskett_(mega_man),4,739,roll_caskett_(mega_man),mega_man
1719547,sailor_moon_redraw_challenge_(meme),0,1382,sailor_moon_redraw_challenge_(meme),meme
1868991,twitter_strip_game_(meme),0,1099,twitter_strip_game_(meme),meme
1719544,they_had_lots_of_sex_afterwards_(meme),0,1241,they_had_lots_of_sex_afterwards_(meme),meme
1598263,neko_(minato_aqua),4,626,neko_(minato_aqua),minato_aqua
1441207,soap_(modern_warfare_2),4,854,soap_(modern_warfare_2),modern_warfare_2
536053,ghost_(modern_warfare_2),4,950,ghost_(modern_warfare_2),modern_warfare_2
688703,miia_(monster_musume),4,999,miia_(monster_musume),monster_musume
1600181,ness_(mother_2),4,941,ness_(mother_2),mother_2
1370113,sylphiette_(mushoku_tensei),4,836,sylphiette_(mushoku_tensei),mushoku_tensei
1086828,bow_(music),0,1899,bow_(music),music
1493611,kemomimi-chan_(naga_u),4,1710,kemomimi-chan_(naga_u),naga_u
1686891,friend_(nanashi_mumei),4,835,friend_(nanashi_mumei),nanashi_mumei
1972134,vita_(nanoha),4,1871,vita_(nanoha),nanoha
421660,tsunade_(naruto),4,1323,tsunade_(naruto),naruto
1706188,ame-chan_(needy_girl_overdose),4,994,ame-chan_(needy_girl_overdose),needy_girl_overdose
1560546,chocola_(nekopara),4,688,chocola_(nekopara),nekopara
2018082,blanc_(neptunia),4,1349,blanc_(neptunia),neptunia
2018066,noire_(neptunia),4,1589,noire_(neptunia),neptunia
2018038,purple_heart_(neptunia),4,1585,purple_heart_(neptunia),neptunia
2018045,black_heart_(neptunia),4,728,black_heart_(neptunia),neptunia
2018110,neptune_(neptunia),4,1990,neptune_(neptunia),neptunia
2018078,uni_(neptunia),4,684,uni_(neptunia),neptunia
2018079,vert_(neptunia),4,828,vert_(neptunia),neptunia
552918,kaine_(nier),4,877,kaine_(nier),nier
1899592,pod_(nier:automata),4,1285,pod_(nier:automata),nier:automata
1978894,9s_(nier:automata),4,1917,9s_(nier:automata),nier:automata
1978860,2b_(nier:automata),4,8815,2b_(nier:automata),nier:automata
1978848,a2_(nier:automata),4,1093,a2_(nier:automata),nier:automata
1978861,2b_(nier:automata)_(cosplay),0,746,2b_(nier:automata)_(cosplay),nier:automata)_(cosplay
1496206,kuzuha_(nijisanji),4,1003,kuzuha_(nijisanji),nijisanji
1476829,kanae_(nijisanji),4,740,kanae_(nijisanji),nijisanji
1840092,anis_(nikke),4,1062,anis_(nikke),nikke
1814848,takodachi_(ninomae_ina'nis),4,2281,takodachi_(ninomae_ina'nis),ninomae_ina'nis
1695986,tied_up_(nonsexual),0,2785,tied_up_(nonsexual),nonsexual
621741,nyarlathotep_(nyaruko-san),4,884,nyarlathotep_(nyaruko-san),nyaruko-san
1052255,drawing_(object),0,2766,drawing_(object),object
567635,portrait_(object),0,1371,portrait_(object),object
1309232,wallpaper_(object),0,881,wallpaper_(object),object
1925772,volleyball_(object),0,1632,volleyball_(object),object
1925724,basketball_(object),0,3549,basketball_(object),object
1293824,portal_(object),0,827,portal_(object),object
1678267,palette_(object),0,1880,palette_(object),object
548294,nib_pen_(object),0,994,nib_pen_(object),object
527607,magazine_(object),0,2905,magazine_(object),object
816414,joseph_joestar_(old),4,1384,joseph_joestar_(old),old
1643937,sunny_(omori),4,844,sunny_(omori),omori
1653646,aubrey_(omori),4,722,aubrey_(omori),omori
1631590,basil_(omori),4,922,basil_(omori),omori
1349628,fubuki_(one-punch_man),4,1423,fubuki_(one-punch_man),one-punch_man
1349627,saitama_(one-punch_man),4,1226,saitama_(one-punch_man),one-punch_man
1579913,yamato_(one_piece),4,1291,yamato_(one_piece),one_piece
644424,nami_(one_piece),4,4385,nami_(one_piece),one_piece
1827774,sanji_(one_piece),4,2051,sanji_(one_piece),one_piece
417068,heart_(organ),0,780,heart_(organ),organ
1328688,moon_(ornament),0,1856,moon_(ornament),ornament
1328687,earth_(ornament),0,1706,earth_(ornament),ornament
1634607,hoshino_ai_(oshi_no_ko),4,1720,hoshino_ai_(oshi_no_ko),oshi_no_ko
1552959,genderswap_(otf),0,900,genderswap_(otf),otf
1334378,albedo_(overlord),4,1118,albedo_(overlord),overlord
2068458,nekomata_okayu_(oversized_shirt),4,888,nekomata_okayu_(oversized_shirt),oversized_shirt
1295749,tracer_(overwatch),4,1737,tracer_(overwatch),overwatch
1295748,mercy_(overwatch),4,3119,mercy_(overwatch),overwatch
1295903,pharah_(overwatch),4,1107,pharah_(overwatch),overwatch
1338854,mei_(overwatch),4,1595,mei_(overwatch),overwatch
1295790,widowmaker_(overwatch),4,1582,widowmaker_(overwatch),overwatch
654961,shippou_(pattern),0,795,shippou_(pattern),pattern
935914,kazami_yuuka_(pc-98),4,784,kazami_yuuka_(pc-98),pc-98
935917,hakurei_reimu_(pc-98),4,797,hakurei_reimu_(pc-98),pc-98
1193071,yuuki_makoto_(persona_3),4,2549,yuuki_makoto_(persona_3),persona_3
437588,kuma_(persona_4),4,1266,kuma_(persona_4),persona_4
1305340,morgana_(persona_5),4,816,morgana_(persona_5),persona_5
1410489,shower_(place),0,1959,shower_(place),place
1853327,bar_(place),0,3731,bar_(place),place
1622516,earth_(planet),0,4374,earth_(planet),planet
1302628,ace_(playing_card),0,1811,ace_(playing_card),playing_card
674691,elesa_(pokemon),4,1598,elesa_(pokemon),pokemon
1533343,bede_(pokemon),4,1201,bede_(pokemon),pokemon
1906528,carmine_(pokemon),4,720,carmine_(pokemon),pokemon
1906527,kieran_(pokemon),4,1107,kieran_(pokemon),pokemon
674693,skyla_(pokemon),4,1692,skyla_(pokemon),pokemon
467096,leaf_(pokemon),4,1898,leaf_(pokemon),pokemon
1530284,bea_(pokemon),4,2875,bea_(pokemon),pokemon
466818,misty_(pokemon),4,3444,misty_(pokemon),pokemon
1544888,victor_(pokemon),4,1298,victor_(pokemon),pokemon
1533332,marnie_(pokemon),4,5774,marnie_(pokemon),pokemon
1544889,gloria_(pokemon),4,5014,gloria_(pokemon),pokemon
528478,sabrina_(pokemon),4,1200,sabrina_(pokemon),pokemon
544078,lucas_(pokemon),4,1216,lucas_(pokemon),pokemon
717860,rosa_(pokemon),4,5882,rosa_(pokemon),pokemon
567695,cheren_(pokemon),4,1027,cheren_(pokemon),pokemon
956365,mew_(pokemon),4,835,mew_(pokemon),pokemon
516743,lance_(pokemon),4,807,lance_(pokemon),pokemon
1055516,akari_(pokemon),4,2724,akari_(pokemon),pokemon
466360,may_(pokemon),4,6006,may_(pokemon),pokemon
466373,dawn_(pokemon),4,6912,dawn_(pokemon),pokemon
695974,roxie_(pokemon),4,753,roxie_(pokemon),pokemon
1852825,iono_(pokemon),4,2940,iono_(pokemon),pokemon
424220,silver_(pokemon),4,1471,silver_(pokemon),pokemon
544077,kris_(pokemon),4,1503,kris_(pokemon),pokemon
1865424,rika_(pokemon),4,1514,rika_(pokemon),pokemon
557446,ethan_(pokemon),4,2422,ethan_(pokemon),pokemon
1829693,florian_(pokemon),4,1083,florian_(pokemon),pokemon
567872,n_(pokemon),4,1866,n_(pokemon),pokemon
448496,cynthia_(pokemon),4,4340,cynthia_(pokemon),pokemon
553633,lyra_(pokemon),4,2117,lyra_(pokemon),pokemon
1544952,piers_(pokemon),4,1510,piers_(pokemon),pokemon
1544892,raihan_(pokemon),4,3099,raihan_(pokemon),pokemon
1544890,allister_(pokemon),4,945,allister_(pokemon),pokemon
544079,barry_(pokemon),4,703,barry_(pokemon),pokemon
445830,red_(pokemon),4,4387,red_(pokemon),pokemon
693559,ingo_(pokemon),4,875,ingo_(pokemon),pokemon
693558,emmet_(pokemon),4,665,emmet_(pokemon),pokemon
1525756,sonia_(pokemon),4,2153,sonia_(pokemon),pokemon
1526515,nessa_(pokemon),4,2848,nessa_(pokemon),pokemon
1724570,adaman_(pokemon),4,657,adaman_(pokemon),pokemon
1394776,acerola_(pokemon),4,892,acerola_(pokemon),pokemon
1383241,lusamine_(pokemon),4,1813,lusamine_(pokemon),pokemon
1383156,gladion_(pokemon),4,1314,gladion_(pokemon),pokemon
1379601,guzma_(pokemon),4,863,guzma_(pokemon),pokemon
1378262,mallow_(pokemon),4,2057,mallow_(pokemon),pokemon
1829691,juliana_(pokemon),4,1632,juliana_(pokemon),pokemon
1799880,nemona_(pokemon),4,1157,nemona_(pokemon),pokemon
1378260,lana_(pokemon),4,2529,lana_(pokemon),pokemon
1369698,hau_(pokemon),4,919,hau_(pokemon),pokemon
615290,hilda_(pokemon),4,5557,hilda_(pokemon),pokemon
1369674,lillie_(pokemon),4,6697,lillie_(pokemon),pokemon
445831,green_(pokemon),4,1219,green_(pokemon),pokemon
615289,hilbert_(pokemon),4,2281,hilbert_(pokemon),pokemon
575975,iris_(pokemon),4,1298,iris_(pokemon),pokemon
1823213,arven_(pokemon),4,906,arven_(pokemon),pokemon
1337035,leon_(pokemon),4,3088,leon_(pokemon),pokemon
1822945,grusha_(pokemon),4,873,grusha_(pokemon),pokemon
1822926,penny_(pokemon),4,801,penny_(pokemon),pokemon
1591636,goh_(pokemon),4,1082,goh_(pokemon),pokemon
445832,james_(pokemon),4,1459,james_(pokemon),pokemon
1724523,irida_(pokemon),4,1434,irida_(pokemon),pokemon
1724456,volo_(pokemon),4,686,volo_(pokemon),pokemon
1571287,berry_(pokemon),0,1092,berry_(pokemon),pokemon
445414,bianca_(pokemon),4,1442,bianca_(pokemon),pokemon
1514981,selene_(pokemon),4,3845,selene_(pokemon),pokemon
1697525,arezu_(pokemon),4,691,arezu_(pokemon),pokemon
1685846,rei_(pokemon),4,759,rei_(pokemon),pokemon
1250855,hex_maniac_(pokemon),4,2390,hex_maniac_(pokemon),pokemon
1525770,hop_(pokemon),4,1370,hop_(pokemon),pokemon
445833,jessie_(pokemon),4,1746,jessie_(pokemon),pokemon
717859,nate_(pokemon),4,1108,nate_(pokemon),pokemon
1514982,elio_(pokemon),4,1427,elio_(pokemon),pokemon
1252365,calem_(pokemon),4,1071,calem_(pokemon),pokemon
1236324,serena_(pokemon),4,3829,serena_(pokemon),pokemon
422506,erika_(pokemon),4,835,erika_(pokemon),pokemon
512688,brendan_(pokemon),4,2030,brendan_(pokemon),pokemon
1374971,female_protagonist_(pokemon_go),4,803,female_protagonist_(pokemon_go),pokemon_go
1845191,glaive_(polearm),0,1017,glaive_(polearm),polearm
1536980,zara_(poolside_coincidence)_(azur_lane),4,860,zara_(poolside_coincidence)_(azur_lane),poolside_coincidence)_(azur_lane
1569865,karyl_(princess_connect!),4,4076,karyl_(princess_connect!),princess_connect!
1569872,yuuki_(princess_connect!),4,987,yuuki_(princess_connect!),princess_connect!
1569873,chloe_(princess_connect!),4,667,chloe_(princess_connect!),princess_connect!
1569874,yuni_(princess_connect!),4,855,yuni_(princess_connect!),princess_connect!
1560614,saren_(princess_connect!),4,1705,saren_(princess_connect!),princess_connect!
1560591,yui_(princess_connect!),4,983,yui_(princess_connect!),princess_connect!
1594094,pecorine_(princess_connect!),4,3109,pecorine_(princess_connect!),princess_connect!
1560602,kyouka_(princess_connect!),4,1201,kyouka_(princess_connect!),princess_connect!
1462685,kokkoro_(princess_connect!),4,3331,kokkoro_(princess_connect!),princess_connect!
1637361,pyra_(pro_swimmer)_(xenoblade),4,897,pyra_(pro_swimmer)_(xenoblade),pro_swimmer)_(xenoblade
1782880,angela_(project_moon),4,791,angela_(project_moon),project_moon
1796972,e.g.o_(project_moon),0,2091,e.g.o_(project_moon),project_moon
2026816,yi_sang_(project_moon),4,815,yi_sang_(project_moon),project_moon
2026818,faust_(project_moon),4,753,faust_(project_moon),project_moon
2026828,don_quixote_(project_moon),4,876,don_quixote_(project_moon),project_moon
2026769,employee_(project_moon),4,985,employee_(project_moon),project_moon
2026878,ishmael_(project_moon),4,987,ishmael_(project_moon),project_moon
2026899,sinclair_(project_moon),4,891,sinclair_(project_moon),project_moon
2026869,hong_lu_(project_moon),4,751,hong_lu_(project_moon),project_moon
1853182,kamiyama_high_school_uniform_(project_sekai),0,939,kamiyama_high_school_uniform_(project_sekai),project_sekai
591909,stocking_(psg),4,3600,stocking_(psg),psg
591906,panty_(psg),4,2103,panty_(psg),psg
702015,matoi_(pso2),4,781,matoi_(pso2),pso2
1186381,arch_bishop_(ragnarok_online),4,1748,arch_bishop_(ragnarok_online),ragnarok_online
557902,priest_(ragnarok_online),4,959,priest_(ragnarok_online),ragnarok_online
558421,high_priest_(ragnarok_online),4,1286,high_priest_(ragnarok_online),ragnarok_online
420577,shampoo_(ranma_1/2),4,967,shampoo_(ranma_1/2),ranma_1/2
1333465,rem_(re:zero),4,8636,rem_(re:zero),re:zero
1333466,emilia_(re:zero),4,3036,emilia_(re:zero),re:zero
1333463,beatrice_(re:zero),4,738,beatrice_(re:zero),re:zero
1333601,ram_(re:zero),4,2621,ram_(re:zero),re:zero
1793464,cheating_(relationship),0,2556,cheating_(relationship),relationship
1733501,vertin_(reverse:1999),4,662,vertin_(reverse:1999),reverse:1999
1994923,walker_(robot),0,723,walker_(robot),robot
2039817,minato_aqua_(sailor),4,1376,minato_aqua_(sailor),sailor
1285682,iroha_(samurai_spirits),4,982,iroha_(samurai_spirits),samurai_spirits
1790903,lisbeth_(sao),4,760,lisbeth_(sao),sao
628849,yuuki_(sao),4,1006,yuuki_(sao),sao
1888618,fairy_(sao),0,3962,fairy_(sao),sao
1992651,hoshimachi_suisei_(school_uniform),4,833,hoshimachi_suisei_(school_uniform),school_uniform
1708017,sirius_(scorching-hot_seirios)_(azur_lane),4,738,sirius_(scorching-hot_seirios)_(azur_lane),scorching-hot_seirios)_(azur_lane
628321,asuka_(senran_kagura),4,730,asuka_(senran_kagura),senran_kagura
1646953,shimaidon_(sex),0,1645,shimaidon_(sex),sex
722867,ymir_(shingeki_no_kyojin),4,1495,ymir_(shingeki_no_kyojin),shingeki_no_kyojin
1232143,titan_(shingeki_no_kyojin),4,837,titan_(shingeki_no_kyojin),shingeki_no_kyojin
1231206,levi_(shingeki_no_kyojin),4,1800,levi_(shingeki_no_kyojin),shingeki_no_kyojin
1443456,takeda_harumi_(shiromanta),4,1037,takeda_harumi_(shiromanta),shiromanta
1443455,igarashi_futaba_(shiromanta),4,1462,igarashi_futaba_(shiromanta),shiromanta
1441502,chito_(shoujo_shuumatsu_ryokou),4,773,chito_(shoujo_shuumatsu_ryokou),shoujo_shuumatsu_ryokou
1277652,yuuri_(shoujo_shuumatsu_ryokou),4,778,yuuri_(shoujo_shuumatsu_ryokou),shoujo_shuumatsu_ryokou
1730677,bronya_zaychik_(silverwing:_n-ex),4,813,bronya_zaychik_(silverwing:_n-ex),silverwing:_n-ex
605494,filia_(skullgirls),4,804,filia_(skullgirls),skullgirls
1287911,hino_akane_(smile_precure!),4,2274,hino_akane_(smile_precure!),smile_precure!
534615,tails_(sonic),4,993,tails_(sonic),sonic
1605817,stark_(sousou_no_frieren),4,761,stark_(sousou_no_frieren),sousou_no_frieren
1593453,fern_(sousou_no_frieren),4,2930,fern_(sousou_no_frieren),sousou_no_frieren
1433946,marina_(splatoon),4,1495,marina_(splatoon),splatoon
1448421,pearl_(splatoon),4,1153,pearl_(splatoon),splatoon
1825540,shiver_(splatoon),4,695,shiver_(splatoon),splatoon
1318502,callie_(splatoon),4,2609,callie_(splatoon),splatoon
1318503,marie_(splatoon),4,2462,marie_(splatoon),splatoon
1885788,kamisato_ayaka_(springbloom_missive),4,660,kamisato_ayaka_(springbloom_missive),springbloom_missive
1672736,twilight_(spy_x_family),4,2656,twilight_(spy_x_family),spy_x_family
1529309,anya_(spy_x_family),4,4300,anya_(spy_x_family),spy_x_family
538478,haniwa_(statue),0,1290,haniwa_(statue),statue
693236,ibuki_(street_fighter),4,810,ibuki_(street_fighter),street_fighter
555676,makoto_(street_fighter),4,838,makoto_(street_fighter),street_fighter
510496,ryu_(street_fighter),4,1667,ryu_(street_fighter),street_fighter
2003721,mori_calliope_(streetwear),4,743,mori_calliope_(streetwear),streetwear
2041948,hoshimachi_suisei_(streetwear),4,716,hoshimachi_suisei_(streetwear),streetwear
1578189,atago_(stunning_speedster)_(azur_lane),4,853,atago_(stunning_speedster)_(azur_lane),stunning_speedster)_(azur_lane
1754051,western_comics_(style),0,919,western_comics_(style),style
1559228,2000s_(style),0,1411,2000s_(style),style
675942,zun_(style),0,1243,zun_(style),style
1631539,slime_(substance),0,5556,slime_(substance),substance
1235700,seiren_(suite_precure),4,892,seiren_(suite_precure),suite_precure
2007520,houshou_marine_(summer),4,1776,houshou_marine_(summer),summer
1837736,saren_(summer)_(princess_connect!),4,706,saren_(summer)_(princess_connect!),summer)_(princess_connect!
1836895,karyl_(summer)_(princess_connect!),4,673,karyl_(summer)_(princess_connect!),summer)_(princess_connect!
1693731,mash_kyrielight_(swimsuit_of_perpetual_summer),4,732,mash_kyrielight_(swimsuit_of_perpetual_summer),swimsuit_of_perpetual_summer
1781164,gem_(symbol),0,1587,gem_(symbol),symbol
664359,tachibana_hibiki_(symphogear),4,1860,tachibana_hibiki_(symphogear),symphogear
1233901,sophie_(tales),4,703,sophie_(tales),tales
1705076,rosa_(tears_of_themis),4,714,rosa_(tears_of_themis),tears_of_themis
1600200,wuxian_(the_legend_of_luoxiaohei),4,633,wuxian_(the_legend_of_luoxiaohei),the_legend_of_luoxiaohei
1670933,index_(toaru_majutsu_no_index),4,1833,index_(toaru_majutsu_no_index),toaru_majutsu_no_index
1670936,accelerator_(toaru_majutsu_no_index),4,2597,accelerator_(toaru_majutsu_no_index),toaru_majutsu_no_index
1670940,last_order_(toaru_majutsu_no_index),4,1821,last_order_(toaru_majutsu_no_index),toaru_majutsu_no_index
1593360,bibi_(tokoyami_towa),4,1444,bibi_(tokoyami_towa),tokoyami_towa
1579902,nata_(tool),0,1195,nata_(tool),tool
1304942,female_saniwa_(touken_ranbu),4,810,female_saniwa_(touken_ranbu),touken_ranbu
1305416,saniwa_(touken_ranbu),4,1167,saniwa_(touken_ranbu),touken_ranbu
533537,ciel_(tsukihime),4,1265,ciel_(tsukihime),tsukihime
1606513,len_(tsukihime),4,1022,len_(tsukihime),tsukihime
533539,kohaku_(tsukihime),4,1212,kohaku_(tsukihime),tsukihime
533538,hisui_(tsukihime),4,985,hisui_(tsukihime),tsukihime
1690649,limiter_(tsukumo_sana),0,730,limiter_(tsukumo_sana),tsukumo_sana
1589924,simon_(ttgl),4,2447,simon_(ttgl),ttgl
1589926,kamina_(ttgl),4,1404,kamina_(ttgl),ttgl
539789,beatrice_(umineko),4,2772,beatrice_(umineko),umineko
1335210,chara_(undertale),4,841,chara_(undertale),undertale
1334050,frisk_(undertale),4,1185,frisk_(undertale),undertale
1509864,prinz_eugen_(unfading_smile)_(azur_lane),4,1089,prinz_eugen_(unfading_smile)_(azur_lane),unfading_smile)_(azur_lane
1593304,don-chan_(usada_pekora),4,2876,don-chan_(usada_pekora),usada_pekora
1979031,pekomon_(usada_pekora),4,813,pekomon_(usada_pekora),usada_pekora
1972284,ado_(utaite),4,810,ado_(utaite),utaite
1584593,felicia_(vampire),4,1722,felicia_(vampire),vampire
657125,ia_(vocaloid),4,2163,ia_(vocaloid),vocaloid
669326,kaito_(vocaloid),4,6369,kaito_(vocaloid),vocaloid
710903,meiko_(vocaloid),4,5301,meiko_(vocaloid),vocaloid
1514243,shigure_ui_(vtuber),4,1217,shigure_ui_(vtuber),vtuber
1596529,bubba_(watson_amelia),4,694,bubba_(watson_amelia),watson_amelia
1672630,baton_(weapon),0,679,baton_(weapon),weapon
1491455,stiletto_(weapon),0,764,stiletto_(weapon),weapon
862221,club_(weapon),0,3010,club_(weapon),weapon
2063323,amane_kanata_(work),4,860,amane_kanata_(work),work
2061468,oozora_subaru_(work),4,774,oozora_subaru_(work),work
1424365,pyra_(xenoblade),4,6291,pyra_(xenoblade),xenoblade
1591026,pneuma_(xenoblade),4,840,pneuma_(xenoblade),xenoblade
1556681,rex_(xenoblade),4,1421,rex_(xenoblade),xenoblade
1449263,nia_(xenoblade),4,2449,nia_(xenoblade),xenoblade
1754603,mio_(xenoblade),4,1003,mio_(xenoblade),xenoblade
1754602,eunie_(xenoblade),4,954,eunie_(xenoblade),xenoblade
1590956,mythra_(xenoblade),4,5611,mythra_(xenoblade),xenoblade
2058788,youkai_(youkai_watch),0,746,youkai_(youkai_watch),youkai_watch
487910,joseph_joestar_(young),4,6351,joseph_joestar_(young),young
1875918,tiki_(young)_(fire_emblem),4,834,tiki_(young)_(fire_emblem),young)_(fire_emblem
1604448,duel_academy_uniform_(yu-gi-oh!_gx),0,1165,duel_academy_uniform_(yu-gi-oh!_gx),yu-gi-oh!_gx
1912119,champion's_tunic_(zelda),0,2464,champion's_tunic_(zelda),zelda